0,1,1,4.54,????라?도 ?천?????30,27?(27?참여),34.95229294,127.4862733,061-745-3850,중식,?짜장,"?짜장,간짜???선짜장,짬뽕,?동,?면,기스?매콤?반짜장,볶음?짬뽕??개???채??선볶음??산?밥,?탕??수??,?짜장;5000?? 간짜??7000?? ?선짜장;9000?? 짬뽕;7000?? ?동;7000??
1,2,2,4.58,?원가???라?도 ?천???전2?63,39?(30?참여),34.95159816,127.494543,061-743-1230,?식,?염?떡갈비,?염?떡갈비",?닭,촌닭???념구이,촌닭백숙,?리?념??구이,?리?갈??어??,?이 ?리백숙;65000?? ?이 ????65000?? ?이 ??????80000?? ?이 ???리백숙;80000?? ?이 버섯?골(?);50000??,,,,,,,,,,,,,,,,,,,,,,
2,3,3,4.61,별?보쌈,?라?도 ?천???산?92-28,33?(26?참여),34.9714479,127.4937776,061-753-9768,?식,"?리불고?""?리불고??오?보쌈",?삼겹살,"?구?김치찌??어???태??조기매운??????념??""",?리불고?28000?? ?오?30000?? 보쌈(?);35000?? 보쌈(?;30000?? 보쌈(??;25000??,,,,,,,,,,,,,,,,,,,,,,,,,
3,4,4,4.63,?????라?도 ?천???사??사?길218,31?(31?참여),34.9304335,127.4646093,061-745-1615,?식,"참게??""참게???리?탕",참게메기??짱뚱?탕,?봉???칠백숙,꿩탕,?닭,??,??리탕,"?종백숙""",참게???);65000?? 참게???;55000?? 참게????;45000?? ?리?탕(?);50000?? ?리?탕(?;45000??,,,,,,,,,,,,,,,,,,,,,
4,5,5,4.59,?팔반점,?라?도 ?천???수1?61,17?(15?참여),34.94901007,127.506786,061-744-8843,중식,"짜장?""짜장? 짬뽕""",짜장?가격정보없?원. 짬뽕;가격정보없?원.,,,,,,,,,,,,,,,,,,,,,,,,,,,
5,6,6,4.67,간판?는?차,?라?도 ?천??봉화2?38,21?(19?참여),34.95679442,127.5182962,0507-1424-5557,주점,?우?전,"?우?전,?물?전,?물부추전,매운갈비???김??육볶음,골뱅?무??물코다리찜,??볶음,꽃게??골뱅?탕,?치?,?국??,?우?전;28000?? 매운갈비?30000?? ?물부추전;13000?? 꼬막무침;27000??
6,7,7,4.53,조선막창,?라?도 ?천??가곡길 6,16?(14?참여),34.98046112,127.4838206,061-753-2442,주점,?삼겹살,?삼겹살",막창,?면,"?면""",?삼겹살;10000?? 막창;8000?? ?면;3000?? ?면;3000??,,,,,,,,,,,,,,,,,,,,,,,
7,8,8,4.62,?금?장,?라?도 ?천???안?조정?길1109,13?(11?참여),34.92886057,127.3287568,061-755-5583,?식,"?종????""?종?????종?????종??",??리탕,?골??오골계,"?덕구이""",?종 ????60000?? ?종 ????70000?? ?종??;60000?? ??리탕;70000?? ?골?60000??,,,,,,,,,,,,,,,,,,,,,,,,
8,9,9,4.6,?천칡냉?2?점,?라?도 ?천??????50-9,53?(48?참여),34.94664037,127.5260292,061-725-9801,?식,비빔?면,"비빔?면,물냉?,비빔?면;7000?? 물냉?7000?? ?만??7000??
9,10,10,4.75,?리???라?도 ?천??북문?102,53?(36?참여),34.96138363,127.4851346,061-751-2666,중식,짜장,짜장",?동,짬뽕,간짜???면,기스??선짜장,?선?동,?선짬뽕,?선간짜??군만??만두?콩국??볶음?짬뽕?짜장??채????이???선볶음??자?스??탕??산?밥,계????채,?무???조???조?깐풍??자?스,?보??장???산???삼??각종?채,?우?김,?고기탕?육,?수??,짜장?5000?? ?동;7000?? 짬뽕;7000?? ?면;7000?? 짬뽕?7000??,,,,,,,,,,,,,
10,11,11,4.6,바른?면?천????라?도 ?천???천?1?30,116?(102?참여),34.96785818,127.4851075,061-753-5232,?식,"직화불고?물냉?""직화불고?물냉?직화불고?비빔?면",직화불고?비빔?매콤?육??,?김만두,갈비만두,?골?만?국,?물칼국??,물냉?불고?6000?? 비빔?면+불고?6000?? 비빔?불고?6000?? 매콤?육??;6000?? 바른?동+고기&?6000??,,,,,,,,,,,,,,,,,,,,,,,
11,12,12,4.62,?송???라?도 ?천???룡??촌?31-8,25?(19?참여),34.88587108,127.5766567,061-683-8378,?식,갈치조림,"갈치조림,?어구이,?어??김치찌?물회",갈치조림;15000?? ?어구이(?념);20000?? ?어구이(?금);20000?? ?장?탕;13000?? ?어??8000??,,,,,,,,,,,,,,,,,,,,,,,,,,,
12,13,13,4.69,?산?무,?라?도 ?천???평4?60,74?(48?참여),34.94170594,127.4943959,061-745-0581,?식,?삼겹살,"?삼겹살,가브리???오리구??백숙,?육볶음,??리탕,?양?계???우?갈????갈??럭매운??묵?지?골,가?식백반,?면,?룽지",?삼겹살;10000?? 가브리??10000?? ?오리구??20000?? ?육볶음;10000?? ??리탕;30000??,,,,,,,,,,,,,,,,,,,,,,,,,,
13,14,14,4.51,별????라?도 ?천??주암??광?4-33,76?(71?참여),35.07749431,127.236163,061-754-1652,?식,"???갈?""???갈??슬기탕",김치찌??슬기수?비,"?호박찌????국""",??돼지갈비(1? 500g;25000?? ????슬기탕(?);50000?? ????슬기탕(??;30000?? ???김치찌?30000?? ?슬??제?8000??,,,,,,,,,,,,,,,,,,,,,,,,,,
14,15,15,4.63,?로?횟??라?도 ?천??????2-15,24?(23?참여),34.94506019,127.525395,061-725-0003,?식,?어,"?어,?럭,?다?참돔,광어,모듬,감성??줄돔,?금바리,?성??봄도?리,뼈꼬????리탕,?모?시??모?브?브,?어?시??어무침,?어뼈꼬??,?어(2??;70000?? ?럭(2??;70000?? ?다?2??;80000?? 참돔(2??;80000?? 광어(2??;70000??
15,16,16,4.67,?팔???라?도 ?천???천6?37,24?(24?참여),34.9338867,127.4955057,061-904-0821,?식,?신백숙,?신백숙",?물?어??문어?어???복버터구이,매운??갈비?쭈삼볶음,문어?회,?물칼국??,?신백숙;100000?? ?복버터구이;40000?? ?물?어???);55000?? ?물?어???;40000?? 쭈삼볶음;40000??,,,,,,,,,,,,,,,,,,,,,,,
16,17,17,4.8,?원추어???라?도 ?천???산?163,23?(20?참여),34.94120545,127.5058793,061-743-0036,?식,"추어??""추어??추어?김""",추어??9000?? 추어?김;10000?? 공기?1000?? ?료??2000??,,,,,,,,,,,,,,,,,,,,,,,,,,,,
17,18,18,4.58,강남가???라?도 ?천???향?27,13?(12?참여),34.94325703,127.5165657,061-722-1746,?식,?어구이?식,"?어구이?식,?어??????,?어구이?식;20000?? ?어??10000?? ????13000??
18,19,19,4.69,?탱???라?도 ?천???향번영4?15,32?(26?참여),34.94690354,127.5165959,061-726-7300,?식,?삼??삼?가브리",김치찜,?면,"볶음??룽지""",?삼?12000?? 가브리;13000?? 김치찜;7000?? ?면;5000?? 볶음??룽지;2000??,,,,,,,,,,,,,,,,,,,,,,,,
19,20,20,4.51,?보추어???라?도 ?천??기적?도??1?84,68?(60?참여),34.9491101,127.526006,061-754-5541,?식,추어??추어??추어??9000??,,,,,,,,,,,,,,,,,,,,,,,,,,,,,
20,23,21,4.52,?문?추?탕,?라?도 ?천???향2?10-1,112?(91?참여),34.94783126,127.5166008,061-725-4378,?식,추어??추어??추어??9000??,,,,,,,,,,,,,,,,,,,,,,,,,,,,
21,24,22,4.51,초??왕족발보쌈,?라?도 ?천???산?135-4,113?(83?참여),34.97590598,127.4964422,061-754-8256,?식,족발,"족발,매운족발,?채족발,보쌈,매운보쌈,마늘보쌈",족발(?);36000?? 족발(?;32000?? 족발(??;28000?? 보쌈(?);36000?? 보쌈(?;32000??,,,,,,,,,,,,,,,,,,,,,,,,,,
22,25,23,4.58,?가???라?도 ?천???사??사?길259,13?(10?참여),34.93355763,127.4596867,061-745-1735,?식,?칠백숙,"?칠백숙,?방?오리백???방?리백숙,?리?골,?오리로???방?옻???????종??????리탕,붕어?참게??빠????탕,?리??메기???방?끼백숙,버섯?리?끼?골,지리토?탕,꿩탕,?봉???룽지",?칠백숙;65000?? ??;6000?? ?방?오리백??65000?? ?방?리백숙;6000?? ?리?골;5000??,,,,,,,,,,,,,,,,,,,,,,,,,,,
23,26,24,4.67,?흥?리불고??라?도 ?천???자??62,15?(13?참여),34.94718544,127.5157923,061-722-7617,?식,"?리불고?""?리불고??리?골",?리???어?념구이,?어?금구이,?어??,?리불고?가격정보없?원. ?리?골;가격정보없?원. ?리??가격정보없?원. ?어?념구이;가격정보없?원. ?어?금구이;가격정보없?원.,,,,,,,,,,,,,,,,,,,,,,,,,
24,27,25,4.67,광양?날곱창,?라?도 ?천???연?63,30?(28?참여),34.94886634,127.5132004,061-741-2821,?식,모듬구이,"모듬구이,껍데??막??오?뼈,불고기맛?수부??마늘?념맛특????마늘??,매콤?념??,마늘??비살,?념??비살,?삼겹살,?목???갈매기??껍데기볶??무뼈??볶음,?돌뼈볶???루치기,모듬볶음",콜라겐듬?껍데?7000?? ???? ?막?10000?? ?돌?돌 ?오?뼈;10000?? 불고기맛?수부??10000?? ?삼겹살 200g;12000??,,,,,,,,,,,,,,,,,,,,,,,,,,
25,28,26,4.54,?들바람,?라?도 ?천???향2?17-6,62?(55?참여),34.94825948,127.5173902,061-723-8803,?식,?수?트,"?수?트,묵수?트,?깨?심?수?비,묵사?묵비빔밥,?통비빔?메?비빔?,콩국???무콩국??,?수?트;10000?? 묵수?트;10000?? ?통비빔?8000?? 맷돌콩국??7000?? 묵무?10000??
26,29,27,4.6,?리밀?팥??라?도 ?천???산?118-5,47?(44?참여),34.97380271,127.4955816,0507-1377-6970,?식,?칼?,?칼?",????토리묵,검?콩국??만두?접??만두반접??,바??수?비;8000?? ?제 ?돈까스;10000?? ?칼?;7000?? ???죽;8000?? 만두?접??6000??,,,,,,,,,,,,,,,,,,,,,,,,
27,30,28,4.56,??렁???라?도 ?천??충효?117,87?(67?참여),34.94919646,127.5149248,061-745-7800,?식,"?렁??""?렁??갈비???우???장???비빔?모듬?시?육",?솥밥설?탕,?솥밥갈비탕,?솥???당,?솥꼬리곰탕,"모듬?육?골""",?렁??9000?? 갈비??10000?? ?우???장?8000?? ??비빔?9000?? ?솥밥설?탕;11000??,,,,,,,,,,,,,,,,,,,,,,,
28,31,29,4.69,중앙???,?라?도 ?천??별??15,37?(26?참여),34.95392732,127.4851264,0507-1418-9445,?식,?,"?,???,모듬?,콩나물국?김치찌??징?볶????김?고기?골,?곱?머리고기,곱창?육,??,?볶???볶???면",?;7000?? ???;7000?? 모듬?;7000?? 콩나물국?6000?? 김치찌?7000??,,,,,,,,,,,,,,,,,,,,,,,,,,
29,33,30,4.72,?우???라?도 ?천???사??령?,16?(16?참여),34.94049696,127.443368,0507-1397-0147,?식,백반,백반,?식?상;10000??,,,,,,,,,,,,,,,,,,,,,,,,,,,
30,34,31,4.66,?판??조??점,?라?도 ?천??봉화2?24,38?(36?참여),34.95579454,127.5184357,061-723-5999,?식,?념갈매기살,"?념갈매기살,주물??매기??매운갈매기살,?갈매기???겹??목살?테?크,멍석갈비,??막창,?제?세지,껍닥,?판?페???감스?셜,배팡?스?셜,??김치찌??물반합?면,?면,치즈??,멸치?치?주먹밥,추억?도?락,?룽지,계???장찌개",?념 갈매기살;6500?? 주물??갈매기살;6500?? 매운갈매기살;6500?? ?갈매기??6000?? ?겹??6500??,,,,,,,,,,,,,,,,,,,,,,,,,,
31,35,32,4.57,?을?,?라?도 ?천???향번영?81,89?(69?참여),34.94867429,127.5173745,061-722-4544,?식,??머리?육,"??머리?육,??머리?,???,?족????머리?장?육,???접??,??머리?육;25000?? ??머리?;7000?? ???;7000?? ?족??9000?? ??머리?장?육;30000??
32,36,33,4.53,막창?둑 ?천조????라?도 ?천???신???1,56?(53?참여),34.95455229,127.5189721,061-722-3063,?식,???막????막?불막??막?????돌갈비",?갈비살,"?베리코꽃목?????갈?벌집껍데?불닭?곱창?골""",???막?9000?? ??볶음(?심?선);11000?? 불막?9500?? ?막?11000?? ?베리코꽃목??10000??,,,,,,,,,,,,,,,,,,,,,,,,
33,37,34,4.77,?땡???라?도 ?천???향번영2?20,11?(10?참여),34.94541114,127.5165866,061-726-9696,?식,"?갈?""?갈??겹??김치찌??룽지",?면,계??,?갈?12000?? ?겹??13000?? 김치찌?4000?? 계??2000?? ?룽지;2000??,,,,,,,,,,,,,,,,,,,,,,,,,,
34,38,35,4.85,뼈??는??라?도 ?천???동1?29-16,17?(15?참여),34.95494471,127.5179885,061-751-7992,?식,"?금?갈?""?금?갈??념?갈?매운?갈?매운?갈비찜",?갈비모????,?갈비모???),급냉?겹??마늘막창,매운막창,마늘??,매운??,?집,계?말이,추억?도?락,?식?라?짜장?라?계??,?념?갈?10000?? 매운?갈?10000?? 매운?갈비찜;28000?? ?갈비모??38000?? ?겹??9000??,,,,,,,,,,,,,,,,,,
35,39,36,4.59,먹고보자,?라?도 ?천???천?1?30,22?(22?참여),34.96785818,127.4851075,061-754-7723,?식,찜닭,"찜닭,??리탕,?징?볶??주물???육볶음,곱창볶음,곱창?골,부추해물전,??머리?,콩나물해?국,김치찌??장찌개,부?찌개,?두부찌개,?육??,?징?덮?김치볶?밥,고기비빔?갈비??즉석콩국??물냉?비빔?면",찜닭;22000?? ??리탕;22000?? ?징?볶??2??;14000?? 주물??2??;13000?? ?육볶음(2??;13000??,,,,,,,,,,,,,,,,,,,,,,,,,,
36,40,37,4.64,모정?밥,?라?도 ?천??중앙?장?51,207?(198?참여),34.95334019,127.4866393,061-753-0175,?식,????고기,"????고기,고등?쌈??어리쌈?갈치조림,쭈삼불고?추어???계??,????구이 ?밥;10000?? 쭈꾸미삼겹살;20000?? 고등?조??밥;10000?? ?어리조??밥;10000?? 갈치조림 ?밥;15000??
37,41,38,4.56,?리명?,?라?도 ?천???룡?중흥1?,193?(173?참여),34.89593958,127.5334667,0507-1407-5292,?식,?리로스모듬,?리로스모듬",?리로스구이,?리?제구이,???전구이,?리?골,?방?칠?리백숙,?방?칠?리?백??참나무장?통?겹구이,?룽지,곤드?냉?,모듬2??35000?? ???전구이;48000?? 참나무장?삼겹살;12000?? ?리로스/모듬;12000?? ?방?칠?리백숙;70000??,,,,,,,,,,,,,,,,,,
38,42,39,4.52,?주??라?도 ?천???????15,28?(20?참여),34.94908237,127.5235679,061-727-2662,?식,"???정??""???정???우리정???누리정??",???정??10000?? ?우리정??3???상);15000?? ?누리정??3???상);20000??,,,,,,,,,,,,,,,,,,,,,,,,,,,,
39,43,40,4.6,?보고포??라?도 ?천??????48,20?(17?참여),34.9462785,127.5264316,.,주점,?모?브,"?모?브,?모??맛조개구??맛조개찜,맛조개회무침,?어?구???어?무??새?구???도????우,쭈꾸미마?구???수?산굴찜,?꼬막한??꽃게??꽃게?구룡?과메기,갑오징어?회,갑오징어?갑오징어???라?회,꾸죽,?복버터구이,계절별회무침,문어구이,쭈꾸미구??불고기낙지?골,?우?회?낙지,모듬?산??물???탕,간재미회,?럭??광어???어매운??계한??치?주먹밥,?물?면,?국,멍게비빔?계???치?",?모 ?브/??가격정보없?원. 맛조개구????무?가격정보없?원. ?어??구이/?무?가격정보없?원. ?새?구???도????우;가격정보없?원. 쭈꾸미마?구???브/볶음/?회;가격정보없?원.,,,,,,,,,,,,,,,,,,,,,,,,,,,
40,44,41,4.62,???리???1?점,?라?도 ?천???룡?매안4?5,163?(121?참여),34.93153679,127.5542265,061-722-1597,?식,"?리불고?""?리불고??오??리?제",고추?불고기,???트,?리백숙,"?리??고추?불고기백반""",?리불고?13000?? ?오?13000?? 고추?불고기;15000?? ?리?제;17000?? ?리불고??리??22000??,,,,,,,,,,,,,,,,,,,,,,,
41,46,42,4.6,?재???라?도 ?천??별??29,15?(15?참여),34.9540807,127.4857685,061-751-2500,카페,"?스?레??""?스?레???메리카???치?메리카??카페?떼",?치카페?떼,바닐?라??말차카페?떼,?두?떼,말차?떼,밀?티,캐모마일,?그?이,?퍼민트,"복숭?아?스???두?이???몽에?드""",?스?레??3300?? ?메리카??3500?? ?치?메리카??4300?? 카페?떼;4000?? ?치카페?떼;4800??,,,,,,,,,,,,,,,,,,,
42,47,43,4.59,?조가???라?도 ?천?????224,41?(39?참여),34.97788205,127.5435772,061-725-0818,?식,"?칠??""?칠????",?방?????닭,?????칠?리,?리?방,?오??리?골,?리구이,?리볶음,?리??추어???염?한마리,?겹??,?방?리백숙;60000?? ?칠??60000?? ????50000?? ????50000?? ?리?골(?);50000??,,,,,,,,,,,,,,,,,,,,
43,49,44,4.85,?복참옻???라?도 ?천?????길 72,10?(10?참여),34.94966804,127.5258659,061-724-9255,?식,?삼계탕,"?삼계탕,?복?삼계탕,?방?계???복?방?계????,???탕,?갈비탕,?복?방백숙,?복?백???복?방?리백숙,?복?오리백??,?방 ?계??13000?? ?복 ?방 ?계??18000?? ?갈비탕;15000?? ???탕;30000?? ?복 ?방?리백숙;70000??
44,50,45,4.61,?조???당,?라?도 ?천??주암??주?094-1,14?(12?참여),35.07524727,127.2400792,061-755-5342,?식,?돼지꽃오겹살??직화구이,?돼지꽃오겹살??직화구이",?뼈갈비김치찌?,?돼지 꽃오겹살 ??직화구이;5000?? ?뼈갈비 김치찌??);35000?? ?뼈갈비 김치찌??;25000??,,,,,,,,,,,,,,,,,,,,,,,,,,
45,51,46,4.52,?촌?당,?라?도 ?천????길 22,85?(81?참여),34.94562513,127.5245231,061-722-2811,?식,막회,"막회,모듬???연??병어?시??어,?모?시??모?비???어???어구이,모듬?물,?낙지,?복,멍게,?삼,굴전,고구마?김,꼬막??명태???선구이,각종계절?무?,?연??30000?? 병어?시?가격정보없?원. ?모 ?시??비??가격정보없?원. ?어 ??구이;가격정보없?원. 모듬?물;40000??
46,52,47,4.7,?창?,?라?도 ?천???현?67,10?(10?참여),34.97408419,127.4746187,061-755-8336,?식,?국,?국",?족???족?골,?국??,미니족발,?육,??,?날??,매운족발,"?삼???갈비""",?족??9000?? ?족?골;25000?? ?국?8000?? ?;7000?? 미니족발;13000??,,,,,,,,,,,,,,,,,,
47,53,48,4.54,카페미욜,?라?도 ?천?????길 56,124?(91?참여),34.94723799,127.5250629,061-725-4258,카페,"?메리카??""?메리카??카페?떼",바닐?라???즐?라??카푸치노,카페모카,?이?카?모?카라멜마?아???포카토,???우?블?드,브라질세?드,과테말라?티구아SHB,?티?피?예가체프,?도?시?수마트?만?링,콜롬비아?프리모,?냐AA,?그?이,?즐?루이보스,카모마일,?퍼민트,?벤??로즈마리,?몬그라??고구마라???곡?떼,그린?라???차?떼,초코?떼,?몬??몽??자?모과??추차,?몬?이??블루?몬?이???몽?이???위?이????에?드,복숭?아?스??모카?라?치???,?그?이;4500?? 루이보스;4500?? 카모마일;4500?? ?니버터브레??5500?? ?로?무??4500??,,,,,,
48,54,49,4.52,?고기촌,?라?도 ?천??????33,60?(53?참여),34.94738147,127.5231561,061-723-6678,?식,"보신??""보신??보신?육",보신?골,?소???소?육,?소?골,?육백반,?계???갈비탕,볶음?,보신??10000?? 보신?육(?);60000?? 보신?육(??;40000?? 보신?골(?);50000?? 보신?골(??;30000??,,,,,,,,,,,,,,,,,,,,,
49,55,50,4.56,?모,?라?도 ?천?????길 60,31?(29?참여),34.94748371,127.5250562,0507-1363-8910,?식,"모듬?시?""모듬?시??연?사??",1?모?사??,광어?시?반반?시?참치?시?물회,?복?시??고기탕???징???고기탕????고기?수,?림?우,깐풍?깐쇼?우,깐풍???라관?새?볶??최짬뽕냄????키짬뽕?냄??모?냄??탄미소?물?비,?탄미소?삼겹냄?모듬초밥12p,광어초밥10p,?연?초?0p,?새?초??비가츠동,?비?동,?테?크??,"????부????돈부??삽겹동""",모듬?시??);70000?? 모듬?시??;50000?? 모듬?시???;35000?? ?연?사??;30000?? 광어?시?37000??,,,,,,,,,,,,,,
50,57,51,4.56,참게?메기랑,?라?도 ?천??????16-1,35?(30?참여),34.94750385,127.5257694,061-722-9980,?식,메기구이,"메기구이,참게??메기???배기메기탕",메기구이+???);50000?? 메기구이+???;40000?? 메기구이+????;30000?? 참게???);50000?? 참게???;40000??,,,,,,,,,,,,,,,,,,,,,,,,,,
51,58,52,4.63,?어마을,?라?도 ?천???향?15,12?(12?참여),34.94350408,127.5154117,061-722-5076,?식,민어,"민어,?치,병어,민어?????냄??국,??고기?육,?치조림,꼬막,?어?합",민어/?치/병어 (?;80000?? 민어/?치/병어 (??;60000?? 모듬(?);90000?? 모듬(?;70000?? 모듬(??;50000??,,,,,,,,,,,,,,,,,,,,,,,,,,
52,59,53,4.51,?선?당,?라?도 ?천????광장3?22,65?(55?참여),34.94485318,127.5011307,061-744-7103,?식,?식,"?식,?채불백",?식;8000?? ?채불백;10000??,,,,,,,,,,,,,,,,,,,,,,,,,,
53,60,54,4.58,?감집,?라?도 ?천?????길 31,18?(17?참여),34.94517189,127.5246373,061-722-2812,?식,쭈꾸미삼겹살?우,"쭈꾸미삼겹살?우,?물?전,방앗??추전,골뱅?무?바??조개탕,?뎅??참치마요주먹?먹태,????쥐포,?도,볶음?,쭈꾸??겹???우(?);36000?? 쭈꾸??겹???우(?;28000?? 골뱅?무?18000?? ?뎅??10000?? 참치마요주먹?4000??
54,61,55,4.58,비어?라???라?도 ?천???자??63,18?(13?참여),34.94754835,127.5161024,.,주점,골뱅?무?골뱅?무???볶음",?채?세지?????팸?소??를만?네?,계?말이,모듬?세지??라????김?김치찌?부?찌개,?묵???면,?우?김,감자?김,?까???제치킨까스,치즈?틱,?살치킨,버팔로윙,?김?레?드,?치,반건조오징어,먹태,촉촉?노가?과일,?도,?율,?막??,골뱅?무??면;15000?? ??볶음;15000?? ?채?세지 ????15000?? 계?말이;10000?? 모듬?세지? ?라??15000??,,,,,,,,
55,62,56,4.76,?박???라?도 ?천???천?2?26,21?(19?참여),34.96896404,127.4854968,061-903-6472,주점,?라?드치킨,"?라?드치킨,버팔로윙?레?트,칠리?우?김",?라?드 치킨;16000?? 버팔로윙?레?트;16000?? 칠리?우?김;15000??,,,,,,,,,,,,,,,,,,,,,,,,,,,
56,63,57,4.81,????라?도 ?천???덕8?3,21?(19?참여),34.94369539,127.4945436,061-741-3235,?식,"?삼겹숙주구??""?삼겹숙주구??급냉??삼겹살",?팸부?찌개,??제?볶????주물????볶???뎅??볶음??면,짜파게티,??주먹밥,?도비빔?,?삼겹숙주구???판);45000?? ?삼겹숙주구??반판);30000?? 급냉??삼겹살;11000?? ?팸부?찌개;25000?? ??제?볶??22000??,,,,,,,,,,,,,,,,,,,,,,,
57,65,58,4.71,민속??라?도 ?천???룡?매안1?9,31?(24?참여),34.92926831,127.5530773,0507-1431-9316,?식,"?종???백??""?종???백??백숙",???탕,??????갈비,?겹???면,?면,볶음??룽지,"??""",?종????45000?? ??갈비;13000?? ?종???백??60000?? ???탕;50000?? ?면;5000??,,,,,,,,,,,,,,,,,,,,,,
58,66,59,4.51,?일?당,?라?도 ?천??별??5,351?(292?참여),34.953801,127.4845015,061-752-7376,?식,"?곱?""?곱??곱???고기",?끼?모듬구이,막창구이,"곱창볶음""",?곱??골;8000?? ?곱??골;13000?? ??고기 ?골;10000?? ?끼??골;10000?? 모둠구이;10000??,,,,,,,,,,,,,,,,,,,,,,,,
59,67,60,4.51,?반참치,?라?도 ?천???산2?1,50?(45?참여),34.94128487,127.5268284,0507-1352-2468,?식,?반참치(?식코스),"?반참치(?식코스),?반?선(?식코스),?반골드(?식코스),?반로얄(?식코스)",?반?선 1??코스);50000?? ?반?선 1???장);25000?? ?반참치 1??코스);35000?? ?반골드 1??코스);70000?? ?반로얄 1??코스);100000??,,,,,,,,,,,,,,,,,,,,,,,,,,
60,68,61,4.68,명궁관,?라?도 ?천??중앙2?7,258?(230?참여),34.94986722,127.486197,0507-1332-2021,?식,명궁???정??,"명궁???정??,?궁???정??,?라???정??,?어?시??어??어?탕,?어???우?사??,?제?우?갈??갈비찜,보리굴비,?연?송?버??보리?우,?조??이버섯???발??,???탕??법성?굴비정???우?꽃?갈?,?라??39000?? ?궁??59000?? 명궁??89000?? 법성??보리굴비 ?식;25000?? ?우 ?꽃?갈??식;30000??
61,69,62,4.69,???기???라?도 ?천???천?1?24,24?(24?참여),34.96758884,127.4851808,061-752-3287,?식,?육볶음,?육볶음",?징?볶??껍데기볶???뎅???라?드치킨,김치전,?물부추전,??????볶음,??집볶??김치찌?,?육볶음;12000?? ??볶음;10000?? ??집볶??10000?? 김치찌?12000?? ?징?볶??13000??,,,,,,,,,,,,,,,,,,,,,
62,70,63,4.68,조??춘천닭갈비&?리,?라?도 ?천???궁2?21,11?(11?참여),34.95408482,127.5332781,061-723-3747,?식,"???""???치즈?????",?리불고??오?비빔??룽지,메?비빔막국??메?물막?,메??병,참게?리매운??김치찌?백반,?어리쌈?,???8000?? 치즈???9000?? ?리불고?30000?? ?오?30000?? ??;40000??,,,,,,,,,,,,,,,,,,,,,,
63,71,64,4.53,로?리국???라?도 ?천??강남?135,142?(100?참여),34.95616585,127.4853567,061-755-8086,?식,?치?,"?치?,?소?비빔?,비빔??면,김??묵,계?,?무?국???무비빔?,?콩?",?치?;4000?? ?소?5000?? 비빔?;4500?? 비빔?6000?? ?면;3000??,,,,,,,,,,,,,,,,,,,,,,,,,,,
64,72,65,4.52,김가?족??라?도 ?천???남?1,41?(28?참여),34.9569547,127.4838656,061-754-3131,?식,족발,"족발,반반(?반+???,????반?",족발(?);34000?? 족발(?;31000?? 족발(??;28000?? 반반(?반+???(?);36000?? 반반(?반+???(?;33000??,,,,,,,,,,,,,,,,,,,,,,,,,,,
65,73,66,4.52,?호?감?탕,?라?도 ?천???자??77,365?(265?참여),34.94843546,127.5163997,061-721-9618,?식,"?거지감자??""?거지감자???거지뼈해?국",?거지?장?,?거지 감자???);36000?? ?거지 감자???;30000?? ?거지 감자????;24000?? ??거지 추?(1?분);9000?? ?거지 추?;3000??,,,,,,,,,,,,,,,,,,,,,,,,,,
66,74,67,4.67,?진???라?도 ?천???룡??촌?46,110?(52?참여),34.88717537,127.5763857,0507-1400-3256,?식,물회,"물회,물회?면,매운??짱뚱?탕,?어???????덮?물메기탕,?구탕,?어구이,?어주물???다리쑥?,물회(1??;12000?? ?덮?1??;10000?? ?어??1??;10000?? 짱뚱?탕(1??;10000?? ?어매운??1??;12000??
67,75,68,4.55,?고?고춘천집닭갈비(중마??,?라?도 ?천???룡?매안2?5-10,30?(23?참여),34.92856328,127.5516966,061-724-9290,?식,???????????치즈?????""",???8000?? ?????10000?? 치즈???9000?? ??;7000?? 비빔공비?2000??,,,,,,,,,,,,,,,,,,,,,,,,,,,
68,76,69,4.51,??반점 구짬뽕의?설,?라?도 ?천??????51-25,506?(410?참여),34.94725411,127.5233558,0507-1405-2031,중식,"짜장?""짜장??슬짜장",매운?슬짜장,?보?반짜장,빨간짬뽕,??짬뽕,매운고추짬뽕,?선짬뽕,중국?산?냉?짜장?볶음?빨간짬뽕???짬뽕?매운고추짬뽕??선짬뽕??면?채?고추?채??산?밥,?물?탕??심?수???천?수??찹??수???조??깐풍??린??장???산???보?깐쇼?우,중새??깐풍가지,"고추?채""",?슬짜장;6000?? 빨간짬뽕;8000?? ??짬뽕;8000?? 볶음?8000?? ?심?수???;23000??,,,,,,,,,,,,,,,,,
69,77,70,4.61,?나비일???라?도 ?천??기적?도???35,36?(29?참여),34.94828156,127.5260489,061-722-1977,?식,?연?활??코스),"?연?활??코스),계절?리(코스),참치(코스),?치?식,굴비?식,?우?김,?선초밥,복????지??복??덮?,?식;40000?? ?나?50000?? 비??스;60000?? ?비지?스;70000?? 참치A코스;60000??
70,78,71,4.51,그집불쭈꾸?,?라?도 ?천??기적?도??2?4,220?(171?참여),34.94708765,127.526837,061-722-9090,?식,?복?쭈꾸??상,?복?쭈꾸??상",불쭈꾸??판,?새??김,?토리전,고르곤피??불쭈꾸?,만들?먹?주먹밥,치즈?까???심?까??,?복??쭈꾸??상(A?트);10000?? ?복??쭈꾸??상(B?트);10000?? ?복??쭈꾸??상(D?트);12000?? 불쭈꾸??판;25000?? ?새??김;12000??,,,,,,,,,,,,,,,,,,,,,
71,79,72,4.6,계림?사가곡점,?라?도 ?천??가곡길 2,25?(21?참여),34.98036198,127.484239,061-753-4343,?식,"반반뼈치??""반반뼈치??반반?살치킨",계림?사콤보?트,계림?사?리?트,계림?사?세???라?드치킨,?념치킨,칠리?뇨치킨,계츠비치??계맵??계마??직화짬뽕치킨,커리???니버터치킨,?니갈릭치킨,강정치킨,?갈비치??마늘치킨,?콤마늘치킨,바삭?라?드치킨,바삭간장,간장치킨,매운?념치킨,?동찜닭,?살치킨,치킨?러???살?닭,?벌?트,겁나?트,?싸?트,??세???컷?트,?라?트,?따?트,?메?트,긍께?트,"?마?트""",?라?드;16000?? 마늘치킨;18000?? 계츠?17000?? ?살?닭;18000?? 겁나?트;20900??
72,80,73,4.52,김밥나?동?점,?라?도 ?천???향번영?94,145?(100?참여),34.95011008,127.5184467,061-723-7666,?식,"꼬마김?""꼬마김?참치김?쫄면",?푼비빔??육??,?개??,꼬마김?1?분);4500?? 참치김?3500?? 쫄면;5500?? ?푼비빔?2??;14000?? ?육??;65000??,,,,,,,,,,,,,,,,,,,,,,,,,
73,88,74,4.56,?해?구??라?도 ?천???신???12,27?(25?참여),34.95625195,127.5198534,050-7982-4790,?식,"?구?""?구?꽃게?물??징?해물찜",?창찜,?낙??구?????,?구??);40000?? ?구??;30000?? ?구???;25000?? 꽃게?물??);50000?? 꽃게?물??;40000??,,,,,,,,,,,,,,,,,,,,,,,,,,
74,89,75,4.52,?태??라?도 ?천??봉화2?16,33?(33?참여),34.955223,127.5185095,0507-1320-0444,?식,"급냉?겹??""급냉?겹??고추?삼겹살",?차??백청?,김치찌?볶음?,급냉?겹??180g;12000?? 고추?삼겹살;12000?? ?차??12000?? 백청?;7000?? 김치찌?7000??,,,,,,,,,,,,,,,,,,,,,,,,,,
75,90,76,4.57,?블??라?도 ?천?????21,102?(77?참여),34.95165266,127.4859558,010-8966-2358,카페,"마카?""마카??메리카??HOT)",?메리카??ICE),복숭?아?스???렌지주스,"꼬끄?레?크""",?메리카??3000?? 복숭?아?스??3000?? ?렌지주스;2500?? 마카?2000?? 꼬끄?레?크;3000??,,,,,,,,,,,,,,,,,,,,,,,,,
76,91,77,4.6,불난?? ?천???라?도 ?천???선배기?13,72?(67?참여),34.95316727,127.5237094,061-722-5592,주점,"뼈있?닭?""뼈있?닭?뼈없?닭????탕",?돌????탕,"계???밥""",뼈있????;15000?? 뼈없????;16000?? ???탕;25000?? ?돌?15000?? 계??3000??,,,,,,,,,,,,,,,,,,,,,,,,,,
77,92,78,4.82,?돈,?라?도 ?천???신???3,31?(29?참여),34.95476647,127.5188921,010-9604-7020,?식,"?겹??""?겹??????가브리??갈매기살",?페?모??고기주먹?공기??룽지,"?면""",????겹??180g;12000?? ???갈매기살 150g;12000?? ???????150g;12000?? ???가브리??150g;12000?? ????페??모듬 600g;46000??,,,,,,,,,,,,,,,,,,,,,,,,,
78,93,79,4.65,?흥??,?라?도 ?천???명2?4,322?(265?참여),34.95132812,127.4867136,0507-1345-9736,?식,?우?심모듬,"?우?심모듬,?우갈비???우?심불고??회,?시??삼????념갈비,불백?식?상,?우곰탕,?회비빔??고기비빔밥,?면,?룽지",?우?심(모듬);38000?? ?우갈비??35000?? ?삼?13000?? ???념갈비;15000?? 불백?식?상;17000??,,,,,,,,,,,,,,,,,,,,,,,,,,
79,94,80,4.53,?판?오???,?라?도 ?천???궁중앙?31,35?(30?참여),34.9559672,127.5333411,061-727-5298,?식,"?오?""?오??념불고??삼겹살",?목???칠백숙,"?칠?계??볶음??룽지""",?오??념불고?10000?? ?삼겹살;11000?? ?목??11000?? ?칠백숙;55000?? ?칠?계??13000??,,,,,,,,,,,,,,,,,,,,,,,,,
80,95,81,4.53,꽃??집,?라?도 ?천???평?29,39?(39?참여),34.94243406,127.4935485,0507-1435-5599,주점,"꽃???""꽃????삼??룽지",볶음?짜파게티,"?면""",꽃???11000?? ?삼겹살;11000?? ?룽지;2000?? 볶음?3000?? 짜파게티;3000??,,,,,,,,,,,,,,,,,,,,,,,,,
81,96,82,4.55,??곶닭??라?도 ?천???선배기?9,116?(99?참여),34.95303995,127.5232274,0507-1445-9900,주점,무뼈??,"무뼈??,?돌???리탕,?마?야채똥??마?양?똥??뎅?볶??매운마늘?닭,?라?드,가마솥?닭,?집?라?드,?볶??치도?락,주먹??치?주먹밥",무뼈??;18000?? ?뼈 ? ??;18000?? 마늘?닭;18000?? ?라?드;17000?? ?념?닭;18000??,,,,,,,,,,,,,,,,,,,,,,,,,,,
82,97,83,4.71,?잔???라?도 ?천???선배기?142,24?(19?참여),34.95188105,127.5293254,061-722-5389,?식,갑오징어무침,"갑오징어무침,골뱅?무??태???탕,?태?장?불고기버????큰김치우???뎅???동,?육볶음,?리?제,??김???볶음,???집,?계?말이,모둠?김,?우?김,감자?김,치즈?모둠?트,쥐알??갑오징어,먹태,촉촉????막???????율,????도",갑오징어무침;30000?? 골뱅?무?25000?? ?태??20000?? ?육볶음;20000?? 모듬?김;20000??,,,,,,,,,,,,,,,,,,,,,,,,,,,
83,98,84,4.55,?주?돼지 김?돈,?라?도 ?천??봉화2?38,86?(69?참여),34.95679442,127.5182962,061-723-0093,?식,?주?돼지,"?주?돼지,?돼지?겹???주?근고기,?주?겹???갈비소금구???주갈매기살,?우?사??,?우?회,?주?벼김치찌??면,?룽지,?면,?제?시지",?주 ?돼지 ?근(600g) 2??54000?? ?주 ?근고기 ?근(600g) 2??45000?? 목살 추? 400g;36000?? ?돼지 ?겹??200g);18000?? ?주?겹??200g;15000??,,,,,,,,,,,,,,,,,,,,,,,,,,
84,99,85,4.51,커피빌리지,?라?도 ?천???????2-27,45?(39?참여),34.94909242,127.5242558,061-722-8994,카페,?럽?드?치,"?럽?드?치,?러???메리카???스?레???포카토,?렌베리????살?드?치,?그?테?토?드?치,치킨?더?드?치,?그?치즈샌?위?,?럽?드?치;6500?? ?러??6500?? ?메리카??3000?? ?스?레??3000?? ?포카토;4500??
85,100,86,4.52,카페르몽???라?도 ?천???천3?30,41?(37?참여),34.94693029,127.4907541,061-744-0355,카페,치킨?리?끼?드?치,치킨?리?끼?드?치",치킨?파?시?드?치,베이컨에그샌?위??치즈샌?위?불고기어?언?드?치,?메리카??카페?떼,카푸치노,바닐?라??카라멜마?야??,치킨?리?끼?드?치;4800?? 치킨?파?시?드?치;4800?? 베이컨에그샌?위?4800?? ?치즈샌?위?4800?? 불고기어?언?드?치;4800??,,,,,,,,,,,,,,,,,,,,,
86,101,87,4.54,?회?활,?라?도 ?천???룡???2?-59,78?(70?참여),34.93533228,127.5484521,061-721-1225,?식,?테?크갈비,"?테?크갈비,?소갈비???념?갈비살,LA갈비,?돌갈비,?삼겹살,갈매기살,?돼지막창,?제?세지,차돌박이?장찌개,물냉?비빔?면,추억?도?락,?장?면,?장찌개",?테?크 갈비;11000?? ?돌갈비;12000?? ???갈비살;14000?? ???겹??12000?? LA갈비;18000??,,,,,,,,,,,,,,,,,,,,,,,,,,
87,103,88,4.51,?어?아구랑,?라?도 ?천??중앙?327,38?(33?참여),34.97464909,127.4819203,061-751-7221,?식,"?구?""?구??태???장?탕","?거지???어구이""",?구??? ?20000???구??? ?30000???구??? ?40000???태???15000???태???20000???태???25000??,,,,,,,,,,,,,,,,,,,,,,,,,,
88,104,89,4.64,지글촌닭갈비조????라?도 ?천??봉화2?78,37?(34?참여),34.95994815,127.5186275,061-722-9202,?식,지글촌닭갈비,"지글촌닭갈비,지글촌닭갈비매운?,지글촌닭갈비;9000??지글촌닭갈비매운?9000??
89,105,90,4.56,춘천마쪼?????라?도 ?천???산2?29,93?(78?참여),34.96892238,127.4862383,061-753-0333,?식,?????? 볶음?",???9000??,,,,,,,,,,,,,,,,,,,,,,,,,,,
90,106,91,4.59,?빈???점,?라?도 ?천??봉화?233,45?(41?참여),34.95839092,127.5153995,061-727-5553,?식,"?족??""?족??머리고기?육",?겹?수???,?물부추전,치즈?물부추전,명태?전,고추??김치전,?물?전,버섯???물?그?떙,쭈꾸미볶???합,?어,가?리?명태???,고갈??집,??김?,?족??17000??머리고기?육;15000???겹?수??15000???;6000???물부추전;8000??치즈?물부추전;10000??명태?전;8000??고추??8000??김치전;8000???물?전;8000??버섯??8000?해물동그랑??8000??쭈꾸미볶??25000???합;25000???어;20000??가?리?15000??명태?15000????;10000??고갈?6000???집;8000????김?15000??,,,,,,,,,,,,,,,
91,107,92,4.66,???리?조????라?도 ?천??봉화?262,25?(23?참여),34.95780883,127.5186729,.,?식,"?리불고?""?리불고? ?오? ?리?제", ?트(?제+불고기or?오?,??삼겹살,??콩불고???삼겹살,?겹??,?리불고?23000?? ?오?23000?? ?리?제;27000?? ?트(?제+불고기or?오?;39000????삼겹살;10000???삼겹살;11000??,,,,,,,,,,,,,,,,,,,,,,,,
92,108,93,4.67,꾸꾸카페,?라?도 ?천??북정4?63,33?(21?참여),34.96603596,127.4802702,0507-1371-9135,카페,"?메리카??""?메리카??카페?떼",바닐???떼,?이즐넛 커피, 카페 모카, 카라?마끼?토, 카페 밀?티, ?당 초코???차+?유+??초코?이?크?,?포가???차?떼, 밀?티 ?떼, 초코 ?떼, 캐모마일, ?그?이, ?퍼민트, ?비?커??블러?? 복숭???이?티, ????ICE/ADE, ?마??주스, ?플민트 ?? ?꽃빙수, 밀?티 빙수, ?차 빙수, ?과 주스, ?도 주스, ?몬?HOT/ICE/ADE, 커피 ?퐁, ?기 ?거?? 블루베리 ?거?? 브라?니 & ??,?메리카??3000??카페?떼;3500??바닐???이즐넛/?인?페??카페 모카/카라??떼;4500?? ?유 카페?떼;4500???당 초코???차+?유+??초코?이?크?;12000??,,,,
93,109,94,4.65,밥꽃?야??마??라?도 ?천???천만길 496,"2,735?(2,667?참여)",34.88746858,127.5075936,0507-1338-5233,?식,꼬막?식,"꼬막?식, 꼬막꽃게???식, 꼬막 ?돈?갈??식, 꼬막?비빔밥, 밥꽃?짝?식, ?천짱뚱?탕",꼬막?식;19000?? 꼬막꽃게???식;24000??꼬막 ?돈?갈??식;24000??꼬막?비빔밥;12000???천짱뚱?탕;12000??,,,,,,,,,,,,,,,,,,,,,,,,,,,
94,110,95,4.62,괴목?,?라?도 ?천??북문?40,156?(82?참여),34.95899172,127.4850475,0507-1315-4124,?식,?,"?, ???, ?육(????)",?;7000?????;7000???육(??;10000???육(?;15000???육(?);20000??,,,,,,,,,,,,,,,,,,,,,,,,,,
95,111,96,4.55,지리산?한?우명품관 ?천만점,?라?도 ?천???천만길 67,30?(28?참여),34.9229416,127.4969639,.,?식,"?고?""?고? ?우?", ?유곰탕, ?우불고기전? ?우명품?갈?,?고?변???우?;7000???육곰탕;7000???우불고기전?9000???우명품?갈?9000??,,,,,,,,,,,,,,,,,,,,,,,,,
96,112,97,4.53,?눌???라?도 ?천???마1?4,903?(835?참여),34.93258853,127.5140492,061-726-0536,?식,?토리온묵밥,"?토리온묵밥, ?토리냉묵밥, ?토리묵비빔? ?토리냉? ?토리임?탕, ?토리토?전, ?토리탕?? ?고버섯?수, ?토리묵무침, ?토리쟁반국?? ?토리묵보쌈, ?토??반? ?트(?자?? (2,4?분), ?고버섯 ?수 ?트(?자?? (2,4?분),  ?임?탕, ?고버섯강정, ?고버섯강정?트(?자?? (2?분), ?토??김?병, ?토리묵보쌈?트(?자?? (3?분)",?토리온묵밥;9000???토리냉묵밥;9000???토리묵비빔?9000???토리냉?9000???토리임?탕;10000???토리탕??17000???고버섯?수;27000???토리묵무침;17000??,,,,,,,,,,,,,,,,,,,,,,,,,,,
97,113,98,4.91,카페구름,?라?도 ?천??중앙?129,34?(28?참여),34.95721737,127.4837807,0507-1341-8168,카페,?로?,"?로?,카야?버?크로????메리카??카페?떼,?떼(바닐?? ?이즐넛, ?유),카페모카,카라멜마?야???제?이???두,백향??몽,블루베리?몬,?몬,?),구름 ?무??브라?치즈크로플,?넛버터?페??,?로?;4800??카야?버?크로???5000???메리카??3000??카페?떼;3500???떼(바닐?? ?이즐넛"," ?유);4000??""",,,,,,,,,,,,,,,,,,,,,,,,,,
98,114,99,4.55,?품??삼겹살,?라?도 ?천??봉화?262,174?(132?참여),34.95780883,127.5186729,0507-1337-4617,?식,"?돼지???""?돼지??? ?삼? ?성?겹?? ?절???? 간장???",?돼지???2900???삼?3500???성?겹??5900???절????3900?? 간장???3900??,,,,,,,,,,,,,,,,,,,,,,,,,,,
99,115,100,4.53,?자?라치킨공주 ?천????라?도 ?천??중앙?303-3,67?(58?참여),34.97241161,127.4820913,0507-1338-8293,?식,맵고??치?트)맵고마치??콤비?이???자+콜라),"맵고??치?트)맵고마치??콤비?이???자+콜라), ?살?이?어?언 ?치?트(?살?이?어?언치킨, 콤비?이?피??콜라),?치?트(콤비?이?피???라?드치킨+콜라),치즈?리?피 ?치?트(치즈?리?피치킨+콤비?이?피??콜라),?리?바비큐 ?치?트(?리?바비큐?자+?라?드치킨+콜라),골드치즈??치?트(골드치즈볼피???라?드치킨+콜라),?블?테?토 ?치?트(?블?테?토?자+?라?드치킨+치킨),?마?피치세???리치피???라?드치킨+콜라),?새?불고기 ?치?트(","맵고??치?트)맵고마치??콤비?이???자+콜라);23900???살?이?어?언 ?치?트(?살?이?어?언치킨, 콤비?이?피??콜라);24900???치?트(콤비?이?피???라?드치킨+콜라);20900??치즈?리?피 ?치?트(치즈?리?피치킨+콤비?이?피??콜라);22900???리?바비큐 ?치?트(?리?바비큐?자+?라?드치킨+콜라);23900??",,,,,,,,,,,,,,,,,,,,,,,,,,,
100,116,101,4.71,???라?도 ?천???주???주?51-1,12?(12?참여),35.01456538,127.3920075,061-754-5202,?식,??,"??,?종??????리탕,?닭,?이??,?리???구뽈??구탕,추어??,??;45000???종????45000????리탕;45000???닭;50000???이??;55000???리??40000??
101,117,102,4.69,?향물회,?라?도 ?천????초?길 48,26?(20?참여),34.94461181,127.5241976,061-723-6999,?식,?치물회,?치물회",?징?물???삼물회,기본물회,비빔?면,물냉?감자만두,?만??,?치물회;20000???징?물??15000???삼물회;15000??기본물회;10000??,,,,,,,,,,,,,,,,,,,,,,
102,118,103,4.53,차박?얼?이,?라?도 ?천???룡????7,18?(17?참여),34.93128376,127.547556,0507-1411-9952,주점,?큰?닭?개,"?큰?닭?개,?큰?뼈?는??,?큰?뼈?는??,?계?닭,?채?뎅,?살치킨,간장마늘치킨,??갈비,??집?김",?큰?닭?개;9000???큰?뼈?는??;9000???큰?뼈?는??;9000???계?닭;6000???살치킨;9000??,,,,,,,,,,,,,,,,,,,,,,,,,,
103,119,104,4.57,콩시???라?도 ?천???마2?136,22?(21?참여),34.93336173,127.5144551,061-721-5697,?식,"?주콩나물국?""?주콩나물국??물콩나물국??육?배?굴국?굴떡??리?콩?""",?주콩나물국?6000???물콩나물국?8000???육?배?9000??굴국?8000??굴떡?8000??,,,,,,,,,,,,,,,,,,,,,,,,,,,,
104,120,105,4.53,??산,?라?도 ?천??별량??출?91,49?(39?참여),34.86324572,127.4881822,061-742-0103,?식,?새???금구이,"?새???금구이,칼국??간장?우??",?새???금구이;39900??칼국??5000??간장?우??;5000??,,,,,,,,,,,,,,,,,,,,,,,,,,
105,121,106,4.67,콩시??향???라?도 ?천???향1?10,21?(20?참여),34.94474057,127.5154113,0507-1361-9898,?식,콩나물국??큰,"콩나물국??큰,?백),??콩나물국?매생?굴?,김치찜?김치등뼈찜,콩국??,콩나물국??큰","?백);7000????콩나물국?8000??매생?굴?;8000??김치찜?11000??김치등뼈찜11000??""",,,,,,,,,,,,,,,,,,,,,,,,,,,
106,122,107,4.69,김?사?오감만??라?도 ?천??봉화?235,59?(46?참여),34.95841675,127.5157951,061-741-1126,?식,?전,"?전,??볶음,꽃게??갈치조림,?물?전,쭈삼볶음,병어?????무?갑오징어?무????탕???포??병어조림,쭈꾸미회무침,계?말이,매운??볶음,?육볶음,갈치구이",?전;20000????볶음;40000??꽃게??40000??갈치조림;40000???물?전;20000??,,,,,,,,,,,,,,,,,,,,,,,,,,,
107,123,108,4.56,?볶?삼??라?도 ?천???룡????7,111?(74?참여),34.93128376,127.547556,061-727-4767,?식,?볶?????,"?볶?????,찰순?,?제?김모듬,부?오????리세???볶????,?뎅,?김),?순????범벅,김말이,고구마?김,?징??김,?우?김,계??김,만두?김,?떡?떡,?날?도????치즈?틱,콜팝","?볶?????;4000??찰순?;4000???제?김모듬;3500??부?오??2000????리세???볶????,?뎅,?김);13500??",,,,,,,,,,,,,,,,,,,,,,,,,,,
108,124,109,4.51,?식???라?도 ?천??봉화2?19,76?(75?참여),34.95546095,127.5180331,061-727-2334,?식,??볶음,"??볶음,꽃게??꽃게??어구이,금풍?이,??리탕,명태???구이,?어구이,매운??가?리??어?무?조기구이,?라,꼬막",꽃게??40000??꽃게?40000???어구이;30000??금풍?이;30000????리탕;30000??명태?25000??,,,,,,,,,,,,,,,,,,,,,,,,,,,
109,125,110,4.59,?천귀?라??라?도 ?천??????19,117?(113?참여),34.95222254,127.4816582,0507-1314-6948,?식,?파????,"?파????,?문??빠쉐,?복??비빔? 매실?회비빔?명??보카도 비빔?,?파????;9000???문??빠쉐;15000???복??비빔?13000??매실?회비빔?11000??명??보카도 비빔?11000??
110,126,111,4.86,?브?데???라?도 ?천???향번영2?12,35?(23?참여),34.94540765,127.5170432,0507-1321-1350,카페,베이컨콘치즈?니??베이컨콘치즈?니???메리카??카페?뗴",?크?떼,?인?페???션?르츠에?드,?기?거?볼,?기?떼,?몽?이??초코?떼/?차?떼,?치?브?떼,?포카토,브라?니,?크림????로??,베이컨콘치즈?니??7500???메리카??3500??카페?뗴;4000???크?떼;5000??,,,,,,,,,,,,,,,,,,
111,127,112,4.53,????구운 ??,?라?도 ?천???산?84,35?(28?참여),34.97235977,127.4925656,061-900-9660,주점,모듬1(마늘??,"모듬1(마늘??,?념??,?집),모듬2(마늘??,문어,?집),마늘??,?념??,매운??,?집,마늘?징????껍데?마늘가브리?????구???겹??목살,마늘??갈비","모듬1(마늘??,?념??,?집);13000??모듬2(마늘??,문어,?집);13000??마늘??;7000???념??;7000??매운??;7000???집;7000??",,,,,,,,,,,,,,,,,,,,,,,,,,
112,128,113,4.58,?녘?밥???라?도 ?천???풍?길 21,464?(435?참여),34.94040627,127.5067956,0507-1389-3341,?식,?천??꼬막?식,"?천??꼬막?식, ?천???쇠 불고??상,?녘??철판 쭈꾸??상, ?녘??코다리조??상, ?녘???물 ??갈비??상, ?녘???광 보리굴비 ?상, ?쇠 불고?2??+보리굴비(1마링),철판 쭈꾸?2??+보리굴비(1마리),코다리조?2??+보리굴비(1마리)",?천??꼬막?식;20000?? ?천???쇠 불고??상;48000???녘??철판;16000??쭈꾸??상;16000??,,,,,,,,,,,,,,,,,,,,,,,,,,,
113,129,114,4.66,?스? ?엠?레,?라?도 ?천???자??97,61?(44?참여),34.94955574,127.5167614,0507-1387-0604,카페,"?스?레??""?스?레???드?립",바이?린 블랜???두,카푸치노/ICED 카페?떼,?메리카??바닐????떼,?포가??콜드브루,?드?립, ?티?피???두, 콜롬비아 ?두,SWP ?카?인 ?두, 케?원??,?스?레??4500???드?립;7000??바이?린 블랜?두;22000??카푸치노/ICED 카페?떼;5000???탈리안 ?라미수;7000??,,,,,,,,,,,,,,,,,,
114,130,115,4.74,W?마리치??북????라?도 ?천??북정2?16,21?(15?참여),34.96367388,127.4836246,061-755-9244,?식,?라?드 치킨,"?라?드 치킨, ?념?스 치킨, 간장?념 치킨, 매운강장 치킨, 매운?념 치킨",?라?드 치킨;12500???념?스 치킨;13000??간장?념 치킨;13000?? 매운강장 치킨;14000??매운?념 치킨;13000??,,,,,,,,,,,,,,,,,,,,,,,,,,,
115,131,116,4.9,카페?마??라?도 ?천???마2?150,53?(27?참여),34.93329079,127.5142266,0507-1305-0649,카페,"?스?레??""?스?레???메리카???이즐넛",?포가???드?립,카페?떼,?이즐넛/바닐??그린??초코/밀?티 ?떼,고구마라??리얼??라??카페모카,카라멜마?아???초?,?스?레??3000???메리카??3500???이즐넛;4000???포가??5500???드?립;5000??,,,,,,,,,,,,,,,,,,,,,,,
116,132,117,4.56,고야참숯구이?문???라?도 ?천??기적?도???3,69?(54?참여),34.94823703,127.523261,061-723-7222,?식,"꽃등??""꽃등??갈비???치??광양불고?LA갈비",?회,?페?모??갈매기살,????가브리???제?갈??삼겹살,"?제?념??갈비""",꽃등??28000??갈비??28000???치??30000??광양불고?18000??LA갈비;13000???회;25000??,,,,,,,,,,,,,,,,,,,,,,,,
117,133,118,4.54,깨복?이?조막창,?라?도 ?천???마2?83,216?(185?참여),34.93342912,127.5163385,061-727-9228,?식,막창구이,"막창구이,??창구???물부추전,갈매기살,가브리???겹??매콤?돌?매콤??껍데?매콤?껍볶음,???탕,김치찌??육볶음,뼈없??매운??,뼈있??매운 ??,??집볶??,막창구이;9000????창구??12000???물부추전;10000??갈매기살;11000??가브리??11000??
118,134,119,4.68,?소?생??라?도 ?천???신???3,31?(28?참여),34.95476647,127.5188921,0507-1387-9955,?식,?심 모둠,?심 모둠",채끝모둠,?심,채끝?심,"?치??갈비???사?? ?합""",?심 모둠;74000??채끝모둠;76000???심;39000??채끝?심;42000???치??30000??갈비??22000??,,,,,,,,,,,,,,,,,,,,,,
119,135,120,4.69,?벽???천???라?도 ?천???향1?62,18?(15?참여),34.94326068,127.5220022,0507-1400-5543,?식,광어,"광어,?럭,?어,??,참돔,모듬??물회,?어초밥,?어초밥,?산물셋???삼,개불,멍게,?낙지",광어;19000???럭;19000???어;22000????;25000??참돔;32000??,,,,,,,,,,,,,,,,,,,,,,,,,,,
120,136,121,4.63,??길?서,?라?도 ?천???자??66,43?(37?참여),34.94936882,127.5160303,010-4015-5778,카페,"?메리카??""?메리카???치커피",?우불고??드?치,?렌베리 ?????드?치, ?래??드?치,?몬??몽?복분?청,?추차,매실??혜,"비트?발아????라지?과""",?메리카??2500???우불고??드?치;6500???렌베리 ?????드?치;5000???래??드?치;5000???몬?3500??,,,,,,,,,,,,,,,,,,,,
121,137,122,4.65,?죽,?라?도 ?천???선배기?105,43?(39?참여),34.95143784,127.5300673,061-745-8722,?식,?칼?,"?칼?,?복??영버섯굴죽,?호박죽,?비빔밥,매운??비빔?,?칼?;8000???복?15000???영버섯굴죽;9000???호박죽;8000???비빔밥;7500??매운??비빔?8000??
122,138,123,4.55,?조곱창막창,?라?도 ?천???자??93,21?(20?참여),34.94933825,127.5166956,061-727-8292,주점,곱창?골,곱창?골",모듬?골,모듬구이,"?고???삼?막창구이""",곱창?골;8000??모듬?골;10000??모듬구이;10000???고?10000????삼?10000??막창구이;10000??,,,,,,,,,,,,,,,,,,,,,,,
123,139,124,4.73,?더,?라?도 ?천??봉화2?8,30?(28?참여),34.95468877,127.5187181,0507-1324-0622,주점,"카스 ??""카스 ????????기네?????그리아",감바?삐깐떼,?쉬?칩???띠?롤,?이징스???사?아,갈릭버터?림??모듬 ?시지,고르곤졸??감베로니,모듬마른?주,모듬과일,까나???렌치프?이,멕시칸윙 ?테?트,치즈 & 초콜?,카스 ??5000????????7000??기네????10000???그리아;30000??감바?삐깐떼;18000???이징스??18000??,,,,,,,,,,,,,,,,,
124,140,125,4.73,?닥?닭,?라?도 ?천???인?길 50,24?(22?참여),34.94354771,127.4932856,0507-1322-6573,?식,???념구이,"???념구이,???????금구이,?닭백숙,??,???탕,??,?????????",???념구이;40000??????40000?????금구이;40000???닭백숙;45000????;40000?????탕;40000????;16000??,,,,,,,,,,,,,,,,,,,,,,,,,,
125,141,126,4.71,강촌?당???라?도 ?천???산?73,12?(11?참여),34.97223903,127.4913483,061-752-8898,?식,"???종????""???종????마늘?념??????",백숙,"5??금?갈?5??념?갈??목???삼겹살""",???종????35000??마늘?념????35000????;38000??백숙;38000???목??10000???삼겹살;10000??,,,,,,,,,,,,,,,,,,,,,,,,,,
126,142,127,4.59,?천만왕?우직판???라?도 ?천??별량??산?동?0,17?(17?참여),34.88537614,127.46911,061-742-4592,?식,?금구이,"?금구이,?동?우,?우??,?금구이;39000???동?우;25000???우??45000??
127,143,128,4.61,cafe312,?라?도 ?천???전2?108,148?(123?참여),34.95146407,127.4972517,070-7594-7694,카페,?스?레???스?레???메리카??카페?떼(?이즐넛",바닐??,카푸치노,카페모카,캐러멜마?아??콜드브루,콜드브루?떼,?포카토,?디?카?치???일?커??,?고???떼,?인?페??비엔??,콜드브루 ?인?페??,"?스?레??3500???메리카??3500??카페?떼(?이즐넛,바닐??;4000??카푸치노;4000??카페모카;4000???포카토;5000???고???떼;5000??",,,,,,,,,,,,,,,,,
128,144,129,4.54,고엔,?라?도 ?천??????12-7,25?(24?참여),34.94711035,127.5260991,0507-1322-9656,?식,"모듬??""모듬??광어??참돔???어??참치???산?모듬",?어초밥,?어초밥,?우초밥,참치초밥,?어초밥,?고기초?모듬초밥,?덮?,모듬????;35000??모듬???;45000??모듬???);55000??광어??35000??참돔??55000??,,,,,,,,,,,,,,,,,,,,
129,145,130,4.52,?제족발,?라?도 ?천???선배기1?26,130?(109?참여),34.95418067,127.5231751,061-722-2255,?식,족발,"족발,보쌈,비빔?면,물냉?,?족(??;20000???족(?;32000???족(?);42000??보쌈(?;30000??보쌈(?);40000??
130,146,131,4.53,?도?또밥상,?라?도 ?천???안??일?9,381?(359?참여),34.90471145,127.3438023,061-755-2928,?식,?또?식(꼬막?식+짱뚱?탕),?또?식(꼬막?식+짱뚱?탕)",꼬막?식(꼬막?식+?장?,백반?식,꼬막비빔?짱뚱?탕,",?또?식(꼬막?식+짱뚱?탕);20000??꼬막?식(꼬막?식+?장?;17000??백반?식;13000??꼬막비빔?10000??짱뚱?탕;10000??
131,147,132,4.53,목화?날?겹???라?도 ?천??????50-15,53?(36?참여),34.94686689,127.5260211,0507-1349-8789,?식,?날?겹???날?겹???날?겹??10000??
132,148,133,4.59,?희 ?고??라?도 ?천???선배기1?20,34?(28?참여),34.95390124,127.5225965,061-722-1541,?식,?고?모듬?판,?고?모듬?판,?고?모듬?판;23000??
133,149,134,4.54,?담?고????라?도 ?천???룡?매안2?2-5,23?(14?참여),34.92869344,127.5530722,061-726-0112,?식,?우차돌박이,?우차돌박이",?????삼???삼??리불고??육볶음,"쭈꾸미볶???계??조기??묵?지김치찌?불고??태???면""",?우차돌박이;12000??????11000???삼?11000????삼?8000???리불고?35000???육볶음;10000??,,,,,,,,,,,,,,,,,,,,
134,150,135,4.63,?????태?이???계?이???라?도 ?천???평?40,31?(27?참여),34.94326939,127.4942602,061-745-2122,?식,"??마리 ?마???계??""??마리 ?마???계?? ?푼???태 ?어??",??마리 ?마???계??8000???푼???태 ?어??7500??,,,,,,,,,,,,,,,,,,,,,,,,,,,,
135,151,136,4.59,?삼???????라?도 ?천???현??142-4,23?(23?참여),34.97039829,127.4865564,.,?식,"?도??""?도???겹??목살",?삼?초?,?도??11000???겹??11000??목살;11000???삼?초?15000??,,,,,,,,,,,,,,,,,,,,,,,,,,,
136,152,137,4.54,?디??라?도 ?천???사?길 319,26?(19?참여),34.93945093,127.4540614,061-742-0884,?식,?심백반,"?심백반,찌개백반,김치찌???치기?밥,??모듬구이,?겹????????리탕,?육,참게민물매운??,?심백반;9000??찌개백반;9000??김치찌?9000????치기?밥;20000???겹??12000??????50000??
137,153,138,4.55,?밭곱창 금당???라?도 ?천??조?못등2?3-16,121?(105?참여),34.95164111,127.5285129,061-727-3460,?식,곱창?골,곱창?골",?끼보전???고기?골,막창구이,?끼보구??매운곱창볶음,"매운??곱창볶음""",곱창?골;8000???끼보전?12000????고기?골;11000??막창구이;10000???끼보구??12000??,,,,,,,,,,,,,,,,,,,,,,,
138,154,139,4.73,?너지버거그릴,?라?도 ?천???천?1?6,76?(68?참여),34.96790442,127.4849089,0507-1426-0528,?식,?너지버거,"?너지버거,?리???너지 버거,?블N?블 ?너지 버거,치즈 ?너지 버거,베이?치즈 ?너지 버거,?쉬&비프 ?너지 버거,?너지 ?림??버거",?너지버거;4000???리???너지 버거;8000???블N?블 ?너지 버거;6300??치즈 ?너지 버거;4300??베이?치즈 ?너지 버거;5300??,,,,,,,,,,,,,,,,,,,,,,,,,,
139,155,140,4.53,?천브루?리,?라?도 ?천???동?48,31?(29?참여),34.9569973,127.4816086,0507-1318-2743,?식,"?천?별??""?천?별??????천??등",?안?성,?두루?,?천브루?리 버거,?천브루?리 치즈버거,?천 ?래??그릴???래???치??래??,?천?별??6900?????6900???천?6900???등;8000???안;6500???두루?;6500???천브루?리 버거;7500??,,,,,,,,,,,,,,,,,,,,,,
140,156,141,4.85,?천??락???라?도 ?천???천만길 225-4,165?(126?참여),34.90984922,127.5046147,0507-1437-9502,?식,"?겹바베?쌈?""?겹바베?쌈??베리코?돼지?트""",?겹바베?쌈?11000???베리코?돼지?트;60000??,,,,,,,,,,,,,,,,,,,,,,,,,,,,
141,157,142,4.56,브앤?아,?라?도 ?천???산?92-45,36?(30?참여),34.97139832,127.4942343,061-755-2091,카페,베이글(?기,"베이글(?기,망고,블루베리,?몽,?위,깔라만시),?림치즈,조각케??B.L.T?드?치,?보??드?치,고르곤졸?피???니 갈릭 브레???빙??망고빙수,베리빙수,?레?빙???차빙수","베이글(?기,망고,블루베리,?몽,?위,깔라만시);7500???림치즈;6500??조각케??8000???빙??9000??망고빙수;11000??베리빙수;11000???레?빙??11000???차빙수;11000??",,,,,,,,,,,,,,,,,,,,,,,,,,
142,158,143,4.75,?이?팥??라?도 ?천???문?터?29,67?(24?참여),34.95463118,127.4809068,061-755-5661,?식,?칼?,"?칼?,???콩죽,?깨칼국??비빔?,?칼?;7000?????8000??콩죽;7000???깨칼국??7000??비빔?7000??
143,159,144,4.56,???비,?라?도 ?천????2?5,158?(148?참여),34.96931995,127.5233169,0507-1405-1638,?식,?푼매콤갈비??푼매콤갈비????탕","?푼찜닭""",?푼매콤갈비???;25000???푼매콤갈비??;35000???푼매콤갈비??);45000?????탕(??;25000?????탕(?;35000?????탕(?);45000??,,,,,,,,,,,,,,,,,,,,,,,,,,
144,160,145,4.63,봉구?밥버거 중앙???라?도 ?천???자?5,52?(39?참여),34.95514121,127.4847661,061-751-5115,?식,"몬스?봉?""몬스?봉?봉구??봉구???치?치즈치킨마요","?그김치제??""",몬스?봉?5500??봉구??5000??봉구??5000???치?3500??치즈치킨마요;4000???그김치제??4100??,,,,,,,,,,,,,,,,,,,,,,,,,,,
145,161,146,4.63,조선???라?도 ?천???동1?29-32,39?(35?참여),34.95561319,127.5178469,.,?식,??,"??,???치??,차돌박이버섯?골,???뎅??바??탕,?우?사??,?우?회",??;5500?????치??;35000??차돌박이버섯?골;30000?????뎅??25000??바??탕;20000???우?사??;25000???우?회;35000??,,,,,,,,,,,,,,,,,,,,,,,,,,,
146,162,147,4.54,?이?스?리 ?천???라?도 ?천???향중앙???18,118?(91?참여),34.95196873,127.5192521,061-727-8255,?식,"?천?물볶음?""?천?물볶음?미고??가츠동""",?천?물볶음?7500??미고??7500??가츠동;5900??,,,,,,,,,,,,,,,,,,,,,,,,,,,,
147,163,148,4.52,?띠,?라?도 ?천??봉화?40,26?(25?참여),34.95599871,127.4945934,061-754-6776,카페,"?메리카??""?메리카???스?레??마끼?또",카페?떼,카푸치노,모카치노,카라멜마?아??카페모카,카라?모카,커피밀?쉐?크,?제?몬?캐모마일,"?퍼민트""",?빙??9000???차빙수;9000??믹스베리빙수;8000??망고??시빙수;8000???자?4500??,,,,,,,,,,,,,,,,,,,
148,164,149,4.64,최?감벌교꼬??라?도 ?천???안??일?3,452?(437?참여),34.90494924,127.3437286,0507-1359-3262,?식,?감정??짱뚱?탕 ?함),"?감정??짱뚱?탕 ?함),꼬막?식,백반?식(꼬막초무?,꼬막비빔?,?감정??짱뚱?탕 ?함);20000??꼬막?식;17000??백반?식(꼬막초무?;13000??꼬막비빔?10000??
149,165,150,4.68,?날꿀꿀?숯불촌,?라?도 ?천???천?1?38,34?(28?참여),34.96806446,127.4855038,061-755-0092,?식,?돼지갈비,?돼지갈비,?돼지갈비;7500??
150,166,151,4.52,?천만전?도밥상,?라?도 ?천???천만길 496-1,475?(449?참여),34.88734682,127.5078685,0507-1489-2112,?식,?천??정??짱뚱?탕,?천??정??짱뚱?탕",꼬막?무?코다리조?,?천?꼬막?식(꼬막?정???장찌개),게장?식,갈치조림,짱뚱?탕,?막비빔??린?돈가??꼬막?무?꼬막치즈?갈?,"?천??정??짱뚱?탕,꼬막?무?코다리조?;20000???천?꼬막?식(꼬막?정???장찌개);18000??게장?식;16000??갈치조림;16000??짱뚱?탕;11000??꼬막비빔?11000???린?돈가??8000??꼬막?무?20000??",,,,,,,,,,,,,,,,,,,,,
151,167,152,4.6,?도반할족발,?라?도 ?천???마4?23,25?(16?참여),34.93406827,127.515811,061-727-7766,?식,?도반할족발,"?도반할족발,족발,맛있?매운 족발,?파??체족발,반족반쪽",?도반할족발(??;27000???도반할족발(?;33000???도반할족발(?);38000??맛있?매운 족발(??;27000??맛있?매운 족발(?;33000??맛있?매운 족발(?);38000??,,,,,,,,,,,,,,,,,,,,,,,,,,
152,168,153,4.52,?원가???라?도 ?천???자??50,106?(78?참여),34.94552055,127.5156989,061-746-5292,?식,"?리불고?""?리불고??리???리목살",?삼겹살,"?제?리 ?마??오??마??리?골""",?리불고?8000???리??8000???리목살;10000???삼겹살;10000???제?리 ?마?50000???오??마?43000???리?골;50000??,,,,,,,,,,,,,,,,,,,,,,,,,,
153,169,154,4.55,뽕생뽕사,?라?도 ?천???룡?매안2?1-11,99?(90?참여),34.92799202,127.5512734,061-723-5754,중식,?뽕,"?뽕,백뽕,짜장?카레?볶음?볶음??림??마?뽕,로제??두부?뽕?게살??,짜장??,카레??,고구마피??고르곤졸?피???수??,?뽕;7900??백뽕;7900??짜장?7900??카레?7900??볶음?7900???림?9000???마?뽕;9000??로제?9500??
154,170,155,4.52,본전?회??라?도 ?천???선?173,51?(43?참여),34.97085328,127.4861134,010-2979-2997,?식,?회,?회",?사??,?회 ?탕???전,?회+?사??+?갈??판,?회물회,?고기국??회비빔????장?불고기전?,?회?사????;18000???회?사???);33000???사??(??;25000???사??(?);30000???회비빔?7000?????장?6000??,,,,,,,,,,,,,,,,,,,,,
155,172,156,4.59,?담갈비,?라?도 ?천???신?길 37,16?(12?참여),34.95659226,127.5205107,010-8601-3529,?식,??갈비,"??갈비,?고기전??고기삼???심???심?선 ?복?솥??심?선 ?치구이+???,??갈비;14000???고기전???;20000???고기전??;30000???고기전??);40000???고기삼????;60000???고기삼???;80000???고기삼???);100000??
156,173,157,4.56,반반?,?라?도 ?천???룡?조?못등?0,39?(38?참여),34.95034501,127.5281585,070-8264-2714,?식,멸치?,멸치?",비빔?,반반?,"콩나물비빔밥""",멸치?;3900??비빔?;4900??반반?;5900??콩나물비빔밥;4900??,,,,,,,,,,,,,,,,,,,,,,,
157,174,158,4.63,??치킨 ?????라?도 ?천??비봉2?31,15?(14?참여),34.97202252,127.5189822,061-741-8888,?식,?라?드 치킨,"?라?드 치킨,매콤?념 치킨",?라?드 치킨;16000??매콤?념 치킨;17000??,,,,,,,,,,,,,,,,,,,,,,,,,,,
158,175,159,4.52,??,?라?도 ?천???천?23,23?(17?참여),34.95352569,127.4824568,061-901-1928,카페,?차,"?차,?차,백차,?롱??차,?근머?,?몽??플?몬??위?,?차;5000???차;6000??백차;6000???롱?8000???차;6000???근머?;3500???몽?5000???플?몬?5000???위?5000??""",,,,,,,,,,,,,,,,,,,,,,,,,,,
159,176,160,4.56,코리?탈깻잎?마리치???덕???라?도 ?천???산?154-1,27?(18?참여),34.94060023,127.5051243,0504-0953-0903,?식,"블랙?벨 로제?치??""블랙?벨 로제?치??골드?벨 치즈?치??불마?치???별??고추치킨",?금지?치??,블랙?벨 로제?치??16000??골드?벨 치즈?치??16000??불마?치??16000???별??고추치킨;16000???금지?치??16000?? ?마?2가지??택 치킨;20000?? ?마?3가지??택 치킨;22000??,,,,,,,,,,,,,,,,,,,,,,,,,,,
160,177,161,4.53,미도리스???라?도 ?천????2?9-7,77?(65?참여),34.96905281,127.5235153,061-901-1110,?식,모듬초밥,"모듬초밥,미도리초??선초밥,",모듬초밥;10000??미도리초?15000???선초밥;20000??,,,,,,,,,,,,,,,,,,,,,,,,,,,
161,178,162,4.7,?날기?집식???라?도 ?천???남?92,23?(22?참여),34.95218857,127.4812489,0507-1375-7428,?식,"?고기버???""?고기버???보리굴비?식""",?고기버???20000??보리굴비?식;15000??,,,,,,,,,,,,,,,,,,,,,,,,,,,,
162,179,163,4.52,?장가마솥? 금당???라?도 ?천???룡????길66,99?(81?참여),34.94970282,127.526393,061-753-2407,?식,?,"?,?장?,?날???,모듬?,?끼?찰순??,모듬?육,?육,?날??,찰순?",?;7000???장?;7000???날???;7000??모듬?;8000???끼?8000??찰순??;7000??,,,,,,,,,,,,,,,,,,,,,,,,,,,
163,180,164,4.54,????밥나?석?점,?라?도 ?천???선?132,85?(67?참여),34.96718096,127.4874559,061-904-4915,?식,김??조,"김??조,?채,참치,?초,치즈,고추참치,?러??,?면(??만두,치즈,김?짱뽕),?뎅,?동,김치우??쫄면,?볶???볶???동볶이,만두(김??고기,?김,고추?채?김,모둠,갈비,?우,)",?조김?2500???채김?3000??참치김?3500??치즈김?3500???면;3000??,,,,,,,,,,,,,,,,,,,,,,,,,,
164,181,165,4.65,?피치즈?마???천???라?도 ?천??비봉2?9,168?(136?참여),34.971958,127.5209014,061-721-7212,?식,"???플?이??""???플?이???피 ?볶???볶???마???볶이",?치??면볶???김?동,만두?김,?모짤렐??김,?쉬브라???채?김,치즈고구마고로?,?제?우?김,감자?김,고구마?김,"?치?김""",???플?이??13000???피 ?볶??7000???볶??4500???마???볶이;7000???치??면볶??7000???김?동;8000??,,,,,,,,,,,,,,,,,,,
165,182,166,4.54,불쟁?신쭈꾸??????라?도 ?천???룡?매안?4,349?(265?참여),34.93305683,127.5555243,061-724-6667,?식,불쭈꾸? 볶음,"불쭈꾸? 볶음,?토리묵?발,?토리전,고르곤피???심?까??고구마치즈돈까스,치즈?까??치즈?핑,?박?테?크,",불쭈꾸? 볶음;10900???토리전;6000??고르곤피??6000???심?까??7000??고구마치즈돈까스;7500??치즈?까??7500??,,,,,,,,,,,,,,,,,,,,,,,,,,,
166,183,167,4.54,?천만?물장???????라?도 ?천???룡?매안?07,166?(137?참여),34.93473713,127.5538023,0507-1472-0307,?식,민물?어,"민물?어,?어???시???어??,민물?어;60000???어???시??38000???어??20000??
167,184,168,4.66,?점,?라?도 ?천??봉화2?66,71?(66?참여),34.95912429,127.5181797,.,?식,모듬꼬치,모듬꼬치",????살 명?마요,???적,"??""",모듬꼬치;18000??????살 명?마요;3900?????적;3900????;3900??,,,,,,,,,,,,,,,,,,,,,,,,
168,185,169,4.68,만??버????라?도 ?천???향번영5?7,30?(28?참여),34.94708722,127.5172735,.,?식,버섯?골,"버섯?골,만두?골,?뼈??,뼈해?국,버섯?개??버섯?개?칼?,버섯?깨??버섯?깨?칼?",버섯?골(??;23000??버섯?골(?;30000??버섯?골(?);36000??만두?골(??;18000??만두?골(?;24000??만두?골(?);30000???뼈?골(??;21000???뼈?골(?;27000???뼈?골(?);32000??,,,,,,,,,,,,,,,,,,,,,,,,,,,
169,186,170,4.52,?주까망???라?도 ?천???룡???4?,42?(36?참여),34.93362216,127.5516033,061-726-4268,?식,"??주물???""??주물????오??목???삼?",??주물???8000???오?15000???목??17000???삼?9900??,,,,,,,,,,,,,,,,,,,,,,,,,,,,
170,187,171,4.58,?씨부???라?도 ?천???룡??매?30,96?(75?참여),34.93227,127.5532347,061-727-8188,?식,족발,"족발,반족?매운불족,매운?합칼국??,족발;36000??반족?23000??매운불족;38000??매운?합칼국??7000??
171,188,172,4.53,징기???천조????라?도 ?천??봉화2?73,59?(54?참여),34.95924042,127.5176519,0507-1428-2088,?식,?갈??갈??특?????설",?꼬??갈비살,감자???장찌개,?모밀,"???마고(맛계??밥)""",?갈?14000???특????14000???설;15000???꼬?15000???갈비살;15000??,,,,,,,,,,,,,,,,,,,,,,,
172,189,173,4.65,?마?국??라?도 ?천???월?54,20?(13?참여),34.92747581,127.4880922,061-744-4385,?식,곱창?골,"곱창?골,막창구이,머리?,?장?,모듬?,?끼보국??육,?날??",곱창?골;8000??막창구이;8000??머리?;7000???장?;7000??모듬?;7000???끼보국?7000???육(??;15000???육(?);25000??,,,,,,,,,,,,,,,,,,,,,,,,,,,
173,190,174,4.68,?사?원,?라?도 ?천???룡?당?9,17?(16?참여),34.90536874,127.5010563,061-745-8900,?식,?종????구이,"?종????구이, ?종??초백?? ?종????, ?종??초능?백?? ?종????",?종????구이;55000?? ?종??초백??60000?? ?종????;55000?? ?종??초능?백??80000?? ?종????;60000??,,,,,,,,,,,,,,,,,,,,,,,,,,
174,193,175,4.62,만석??촌?단???라?도 ?천???룡??촌?단4?7-78,105?(35?참여),34.90126863,127.5865877,061-753-0067,?식,?육버섯?골,"?육버섯?골, ?구탕, ?고기버??? ?두부찌개, 김치찌?,?육버섯?골;7000???구탕;8000???고기버???10000???두부찌개;7000??김치찌?7000??
175,194,176,4.52,마고카페,?라?도 ?천???천2?39,61?(52?참여),34.93105628,127.4956722,0507-1330-6720,카페,?무???무?? ?메리카?? ?스?레?? 마끼?또", 카페모카," 카푸치노""",?무??5000???메리카??3500???스?레??3000??마끼?또;4500??카페모카;4500??카푸치노;4500??,,,,,,,,,,,,,,,,,,,,,,,,,
176,195,177,4.71,?원?차,?라?도 ?천???마4?18,24?(23?참여),34.93412228,127.5165317,061-727-1771,?식,???탕,"???탕, ?동?동 ?낙지볶음, ????삼겹보?? ?육볶음, ??볶음",???탕;30000???동?동 ?낙지볶음;35000??????삼겹보??35000?? ?육볶음;25000?? ??볶음;20000??,,,,,,,,,,,,,,,,,,,,,,,,,,
177,196,178,4.51,맛이?짱?어???라?도 ?천???덕?길 68,49?(46?참여),34.93926223,127.4953467,061-743-0333,?식,짱뚱?탕,짱뚱?탕,짱뚱?탕;25000??,,,,,,,,,,,,,,,,,,,,,,,,,,,
178,197,179,4.55,?앤커피,?라?도 ?천??중앙?53,55?(39?참여),34.95035626,127.484153,0507-1416-6511,카페,"?제 ?거??""?제 ?거?? ?레???로?? 로얄 ?기?떼", ?팥 ?앤치노," ?린?? 망고과일쥬스""",?제 ?거??4000???레???로??4000??로얄 ?기?떼;4000???팥 ?앤치노;4000???린??5500??망고과일쥬스;3900??,,,,,,,,,,,,,,,,,,,,,,,,,
179,198,180,4.59,종로맥? ?남광양1?점,?라?도 광양??광양???덕?58,22?(15?참여),34.96806874,127.5810855,061-913-7747,주점,짝태,"짝태, 먹태, 감자?김",짝태;9000??먹태;9000??감자?김;5000??,,,,,,,,,,,,,,,,,,,,,,,,,,
180,199,181,4.53,?금?장?집,?라?도 광양??광양???북2?24,18?(16?참여),34.97584292,127.5758777,061-722-3994,?식,?어모듬,"?어모듬, 광어, ?럭, ?어, 뼈꼬?? ?어?시? 참치?시? ?낙지, ?물모듬, ?복, 개불, ?삼, ?어초밥, ?어초밥, 모듬초밥, ?우???탕, 물회, ?덮? ?어??, ?장??,?어모듬;60000??광어;35000???럭;35000???어;45000??뼈꼬??30000??
181,200,182,4.55,?봉?수??조????라?도 ?천??봉화1?115,30?(29?참여),34.96134192,127.5144895,061-724-8088,중식,?봉?수???봉?수?? 치킨?수?? ?천?수?? 깐풍? 김치피?탕?육""",?봉?수??18000??치킨?수??18000???천?수??19000??깐풍?18000??김치피?탕?육;24000??,,,,,,,,,,,,,,,,,,,,,,,,,,
182,201,183,4.59,?리,?라?도 ?천???신???3-16,27?(26?참여),34.95721466,127.5192882,0507-1337-7487,주점,바??탕,바??탕,바??탕;변??,,,,,,,,,,,,,,,,,,,,,,,,,,
183,202,184,4.6,?킬???라?도 ?천???룡???2?-41,168?(112?참여),34.93566629,127.5475284,0507-1411-2003,?식,고르??자,"고르??자, ?초 목살 ?라?? 목살 ?테?크, ?리???리브오???스?, ??테?크, 치킨 커???,고르??자;12.900?? ?초 목살 ?라??14.900?? 목살 ?테?크;20.900?? ?리???리브오???스?;12.900?? ??테?크;20.900?? 치킨 커???13.900??
184,203,185,4.54,?블리크,?라?도 ?천???룡?매안1?0,374?(302?참여),34.92794714,127.553288,010-7937-0525,카페,반반케?크,반반케?크", ?인?페??,반반케?크;변?? ?인?페??5.300??,,,,,,,,,,,,,,,,,,,,,,,,,,
185,204,186,4.59,마시?감?탕,?라?도 ?천???천6?48,99?(78?참여),34.93492588,127.4955474,061-741-3805,?식,"감자??""감자?? 묵?지 감자?? 뼈찜"," 뼈해?국""",감자????:20.000?? 감자???:25.000??감자???):30.000?? 묵?지 감자????;20.000?? 묵?지 감자???;27.000?? 묵?지 감자???);32.000??뼈찜(?;25.000?? 뼈찜(?);30.000?? 뼈해?국;7.000??,,,,,,,,,,,,,,,,,,,,,,,,,,
186,205,187,4.58,리?마리김??천???라?도 ?천???천4?21,107?(82?참여),34.93115984,127.4926843,061-755-0755,?식,"리?마리김?""리?마리김? 치즈김? 치즈?솥?밥"," ?제?까?? ?면""",리?마리김?2.800?? 치즈김?3.500?? 치즈?솥?밥;6.000?? ?제?까??7.000?? ?면;3.000??,,,,,,,,,,,,,,,,,,,,,,,,,,,
187,206,188,4.8,?주거멍???라?도 ?천???선?145,45?(36?참여),34.96830249,127.4868204,0507-1375-3292,?식,"거멍???겹??""거멍???겹?? 거멍??목살", 거멍?????? 거멍??가브리?? 거멍??갈매기살, 거멍???렌치렉, 거멍??모듬?트," ?주껍딱""",거멍???겹??12.000?? 거멍??목살;12.000?? 거멍??????13.500?? 거멍??가브리??13.500?? 거멍??갈매기살;13.500?? 거멍???렌치렉;24.000??,,,,,,,,,,,,,,,,,,,,,,,,
188,207,189,4.54,?락,?라?도 ?천???금?6-34,80?(78?참여),34.95599753,127.4822516,061-722-3737,?식,?밥,"?밥, ?살?까?? 치즈?까?? ?복? 모듬초밥 ?마카세, ?초? ??초밥, ?래미초? ?우초밥, ?라초밥, ?복초밥, ?연?초?,?밥;8",000?? ?살?까??8,000?? 치즈?까??9,000?? 모듬초밥 ?마카세;20,"000??""",,,,,,,,,,,,,,,,,,,,,,,
189,208,190,4.56,카페 비앙??라?도 ?천???천6?56,81?(78?참여),34.93522127,127.4948001,0507-1307-8610,카페,"?메리카???메리카??""?메리카??3","500??""",,,,,,,,,,,,,,,,,,,,,,,,,,,,
190,209,191,4.52,짜장?상,?라?도 ?천???룡?기적?도??1?1,30?(28?참여),34.95008953,127.5262466,061-725-3990,중식,"짜장?""짜장? 불??짜?? 짬뽕", ?동, 불??짬? 간짜?? ?선?물짜장, ?선?물?동, ?선짬뽕, ?선?물간짜?? ?반짜장, 불??쟁반짜?? 짜장? 볶음? 짬뽕? ?징?덮? ?채? ?송?덮? ?우볶음? ?선?물볶음? ?탕? ?산?밥, ?선짬뽕? 군만?? ?장?? ?보? 깐풍? ?산?? 깐쇼?우, ?수??,"짜장?3,000?? 불??짜??3,500?? 짬뽕;4,000?? 불??짬?4,500?? 간짜??5,000?? ?수????;11,000?? ?수???;15,000?? ?수???);20,000??",,,,,,,,,,,,,,,,,,,
191,210,192,4.58,미다?초??라?도 ?천???룡?매안3?,25?(25?참여),34.92735719,127.5516746,061-723-2028,?식,모듬초밥,"모듬초밥, 켈리?니???어? ?초? 미다?초? ???? 모듬?시? ?판초밥, ?다?어 참치?? 광어초밥, ?어초밥, 참치초밥, 참치뱃살 초밥, ?새?초?,모듬초밥 12P;10",000?? 켈리?니???어?10,000?? ?초?2P;20,000?? 미다?초?12P;15,"000??""",,,,,,,,,,,,,,,,,,,,,,,,
192,211,193,4.56,???마?생?구???라?도 ?천???룡??매?49,63?(51?참여),34.93227456,127.5555211,061-726-1151,?식,?선구이,"?선구이, 갈치조림, 조기매운?? 고등?조? ??볶음","?선구이;10,000?? 갈치조림;9,000?? 조기매운??8,000?? 고등?조?8,000?? ??볶음;10,000??",,,,,,,,,,,,,,,,,,,,,,,,,,,
193,212,194,4.56,?녘??바베???라?도 ?천???룡?매안3?9,153?(109?참여),34.92838767,127.5511504,061-723-9553,주점,???바베큐,"???바베큐, ?금구이, 반반치킨, ?라?드치킨","???바베큐;19,000?? ?금구이;19,000?? 반반치킨;17,000?? ?라?드치킨;16,000??",,,,,,,,,,,,,,,,,,,,,,,,,,,
194,213,195,4.58,?토?육??덕???라?도 ?천???풍?길 34,139?(85?참여),34.94045702,127.5054274,0507-1321-9825,?식,?,"?, ???, ?족?? ?슬기우거??? ?육, 모듬??","?;8,000?? ???;8,000?? ?족??9,000?? ?슬기우거???8,000?? ?육;28,000?? 모듬??;18,000??",,,,,,,,,,,,,,,,,,,,,,,,,,,
195,214,196,4.59,맛있?채?,?라?도 ?천???천2?18-8,91?(71?참여),34.93064598,127.4956127,061-741-6120,?식,"꼬막비빔??식&?시??""꼬막비빔??식&?시?? ?선구이?식&?시?? 김치찌?백반1?? 갈치조림""","꼬막비빔??식&?시??15,000?? ?선구이?식&?시??10,000?? 김치찌?백반1??8,000??",,,,,,,,,,,,,,,,,,,,,,,,,,,
196,215,197,4.61,만석꾼동?탕 ?????라?도 ?천???룡??매2?-16,117?(82?참여),34.93254721,127.5558156,061-722-0073,?식,"?태??""?태?? ?어?? ?곤?탕""","?태??8,000?? ?어??11,000?? ?곤?탕;11,000??",,,,,,,,,,,,,,,,,,,,,,,,,,,,
197,216,198,4.68,록이?겹??조?본점,?라?도 ?천??봉화2?37,14?(14?참여),34.95705481,127.5179334,0507-1362-4864,?식,?겹???트,"?겹???트, ?겹???트, ??오겹살 ?트","?겹???트;14,000?? ?겹???트;15,000?? ??오겹살 ?트;15,000??",,,,,,,,,,,,,,,,,,,,,,,,,,
198,217,199,4.75,?마???름?마 ?앗밥상,?라?도 ?천????2?50,72?(70?참여),34.9480138,127.497568,0507-1330-2599,?식,?마?상(?밥),"?마?상(?밥), ?름?상","?마?상(?밥);12,000?? ?름?상;9,000??",,,,,,,,,,,,,,,,,,,,,,,,,,
199,218,200,4.58,?춘봉인?치???천???라?도 ?천???천2?9,18?(12?참여),34.93053436,127.4960575,061-743-4117,주점,?춘봉바베큐치킨,"?춘봉바베큐치킨, ?드그릴바베?? 마늘간장치킨, ?맵치킨,빠다갈릭치킨","?춘봉바베큐치킨;18,000?? ?드그릴바베??18,000?? 마늘간장치킨(?;18,000?? 마늘간장치킨(?살);18,000?? ?맵치킨;18,000?? 빠다갈릭치킨;19,000??",,,,,,,,,,,,,,,,,,,,,,,,,,,
200,219,201,4.57,착한족발,?라?도 ?천???룡?조?못등2?-16,55?(51?참여),34.95019374,127.5287759,061-724-8292,?식,족발,족발,"족발(?);25,000?? 족발(??;18,000??",,,,,,,,,,,,,,,,,,,,,,,,,,
201,220,202,4.6,복주???라?도 ?천??주암??산?68-1,21?(15?참여),35.06679127,127.2551926,061-754-4462,?식,?방?이백숙,"?방?이백숙, ?소?? 추어?? ?어?? 김치찌?,?방?이백숙;변?? ?소??10",000?? 추어??9,000?? ?어??12,000?? 김치찌?28,"000??""",,,,,,,,,,,,,,,,,,,,,,,,
202,221,203,4.58,미정?,?라?도 ?천???인?길 52,13?(13?참여),34.94353086,127.4935231,061-742-5090,?식,머리?,"머리?, ???, ?육, 고사머리, ?육, ?장?","머리?;7,000?? ???;7,000?? ?육(?;15,000?? 고사머리;30,000?? ?육;15,000?? ?장?;7,000?? ?육(?);20,000??",,,,,,,,,,,,,,,,,,,,,,,,,,
203,222,204,4.55,?노?커?서비스,?라?도 ?천???천2?31,44?(37?참여),34.93096833,127.4948654,0507-1307-8854,?식,"?메리카??""?메리카?? 카페?떼", ?랫?이??,"?메리카??3,500?? 카페?떼;4,000?? ?랫?이??4,000??",,,,,,,,,,,,,,,,,,,,,,,,,,
204,235,205,4.6,?끼?사,?라?도 ?천??고?6?12-13,59?(47?참여),34.98469931,127.4837088,061-753-9181,?식,"김치찌?""김치찌? ?장찌개", 비빔? ?, 비빔?, 김? ?면, ?묵, ???? 김치만?? 고기만두, 콩국?? ?면, 비빔?면, ?빙??,"김치찌?6,000?? ?장찌개;6,000?? 비빔?5,000?? ?;4,000?? 비빔?;4,500?? ????5,000??",,,,,,,,,,,,,,,,,,,
205,236,206,4.54,?당?조??바베???라?도 ?천???산?113,39?(34?참여),34.97418358,127.4949565,061-755-9289,?식,"?식바베??""?식바베?? ?살바베?? ?식바베?? ?금구이바베?? 반반?트(?양",?소,?소), ??치바베큐, ??바베?? 근위바베?? ?통바베?? ?라?드치킨, ?념치킨, ?살 ?라?드," ?살?념""","?식바베??19,000?? ?살바베??19,000?? ?식바베??9,000?? ?금구이바베??19,000?? 반반?트(?양.?소.?소);20,000??",,,,,,,,,,,,,,,,,,,,,
206,237,207,4.67,?무?,?라?도 ?천???평?5,35?(32?참여),34.94019545,127.4934083,010-3457-0186,카페,?박주스,"?박주스, 착즙주스, ?컵과일, ?날빙수","?박주스;6,000?? 착즙주스;7,000?? ?컵과일;5,000??",,,,,,,,,,,,,,,,,,,,,,,,,,
207,238,208,4.53,짬뽕?각,?라?도 ?천???룡?매안2?5-10,159?(123?참여),34.92936689,127.5519805,0507-1349-7725,중식,?물?반짜장,"?물?반짜장, ?물짬뽕, ?수?? 고기짬뽕, 짜장?,?물?반짜장;18",000?? ?물짬뽕;8,500?? ?수??19,000?? 고기짬뽕;8,500?? 짜장?5,"500??""",,,,,,,,,,,,,,,,,,,,,,
208,239,209,4.64,조군족발,?라?도 ?천???룡?조?못등3?-12,14?(13?참여),34.94791007,127.5290584,0507-1441-1048,?식,족발,"족발, 불족? 반반?트","족발;26,000?? 불족?26,000?? 반반?트;26,000??",,,,,,,,,,,,,,,,,,,,,,,,,,
209,240,210,4.52,카페?띠???라?도 ?천???향번영?121,26?(23?참여),34.95128482,127.517616,0507-1385-0215,카페,카라멜허?브?드,"카라멜허?브?드, 블랙?레?트, 깔루?마?야?? ?근케?크, ?탈리아???라미슈, ?기마카?,카라멜허?브?드;5",000?? 블랙?레?트;5,500?? 깔루?마?야??5,500?? ?근케?크;5,500?? ?탈리아???라미슈;5,500?? ?기마카?1,"500??""",,,,,,,,,,,,,,,,,,,,,,
210,241,211,4.71,?까?짱,?라?도 ?천???선배기1?20,36?(23?참여),34.95390124,127.5225965,0504-1400-4678,?식,"?블?제?까??""?블?제?까?? 김치치즈롤 ?까?? ?치즈돈까스", ?자?까?? ?박?테?크," ?리?올리오""","?블?제?까??8,500?? 김치치즈롤 ?까??10,000?? ?치즈돈까스;10,000?? ?자?까??11,500?? ?박?테?크;11,000?? ?리?올리오;8,500??",,,,,,,,,,,,,,,,,,,,,,,,,
211,242,212,4.92,고력???라?도 ?천????3?18-28,672?(451?참여),34.97054017,127.526093,0507-1432-0256,?식,"궁중?전?""궁중?전? 고력?화로불고기", 궁중 ?육 ?골, 고추???회무침," ""","궁중?전?1?분;28,000?? 고력?화로불고기;25,000?? 궁중 ?육 ?골 1?분;28,000?? 고추???회무침;22,000?? ",,,,,,,,,,,,,,,,,,,,,,,,,
212,243,213,4.58,몽프???라?도 ?천???룡?매안2?2-3,427?(345?참여),34.92796664,127.5524223,0507-1401-5428,카페,믹스케?크,"믹스케?크, ???립커피, ?몽 치즈 ?르트, 블루베리 ?크? 과일 밀?유, 과일 ?레?프, ?블 ?림치즈, 밀???레?프, 몽다??초코? 밤생?림, ?차?폰, ?이?초코렛치즈, ?라미수, 블루베리 치즈?르트, ?호박?르트","믹스케?크;40,000?? ???립커피;5,000~5,500?? ?몽 치즈 ?르트;6,500~48,000?? 블루베리 ?크?,000~44,000?? 과일 밀?유6,500~48,000??",,,,,,,,,,,,,,,,,,,,,,,,,,,
213,244,214,4.63,?벗?회,?라?도 ?천???동1?29-14,64?(59?참여),34.954841,127.5180404,010-8999-4737,?식,"모듬?성??""모듬?성?? 모듬?산? 모듬물회", 모듬반반," ?방?? ?림?산??스?""","모듬?성??45,000?? 모듬?산?38,000?? 모듬물회;36,000?? 모듬반반;48,000?? ?방??50,000?? ?림?산??스?;22,000??",,,,,,,,,,,,,,,,,,,,,,,,,
214,245,215,4.64,???머?맥??천???라?도 ?천???천6?6-10,142?(115?참여),34.93432056,127.494137,061-746-7624,주점,갈릭빠다?테?토,"갈릭빠다?테?토, ?매?????김, 30cm마약 치즈?까?? 고추바삭 ?태?김, 고구?치즈?틱, ?우마빡?김, ?날?닭, 불꽃?징?? ?새??김&? ?념감자?김, ?통 군만?? 고추/?채?김, ?살치킨, ?념 ?살치킨","갈릭빠다?테?토;6,000?? ?매?????김9,000?? 30cm마약 치즈?까??9,000?? 고추바삭 ?태?김;8,000??",,,,,,,,,,,,,,,,,,,,,,,,,,,
215,246,216,4.54,?화???라?도 ?천???향번영5?9,13?(11?참여),34.94708489,127.5171216,0507-1350-1081,?식,?선구이,"?선구이, 간장게장, ?????식, ?육?식, ","?선구이;13,000?? 간장게장;11,000?? ?????식;9,000?? ?육?식;9,000?? ",,,,,,,,,,,,,,,,,,,,,,,,,,,
216,247,217,4.56,?똘?광주통??조????라?도 ?천???동?89,27?(17?참여),34.95893072,127.5159849,0507-1429-9282,?식,?라?드,"?라?드, ?념?닭, 간장?닭, ?라?드?간장? ?라?드??념? 간장??","?라?드;17,000?? ?념?닭;18,000?? 간장?닭;19,000?? ?라?드?간장?18,000?? ?라?드??념?18,000?? 간장??;14,000??",,,,,,,,,,,,,,,,,,,,,,,,,,,
217,248,218,4.71,G브로참치,?라?도 ?천??비봉?20,40?(37?참여),34.97045443,127.5203211,070-8835-2871,?식,브로 참치,"브로 참치, 브로 ?선, 브로 ?페?? 브로 골드, 브로 VIP","브로 참치(2~3?분);38,000?? 브로 ?선(1~2?분);29,000?? 브로 ?페??2~3?분);38,000?? 브로 골드(2~3?분);48,000?? 브로 VIP(2~3?분);58,000??",,,,,,,,,,,,,,,,,,,,,,,,,,
218,249,219,4.63,THE매? ?천???라?도 ?천???천3?4-22,48?(41?참여),34.93302318,127.4954545,0507-1324-0142,주점,???,"???, ?푼?매?갈비찜, 묵?지?갈? ?틱??, 무뼈??, ?치?주먹밥","???1?분;9,000?? ?푼?매?갈비찜1?분;10,000?? 묵?지?갈?,3??30,000?? ?틱??(??;16,000?? 무뼈??(??;16,000?? ",,,,,,,,,,,,,,,,,,,,,,,,,,,
219,251,220,4.59,족발?시???천?????라?도 ?천???룡???1?-30,27?(26?참여),34.93427388,127.5484877,061-723-4969,?식,?늘?? ?선???발,"?늘?? ?선???발, 방금?온 ?들?들 보쌈, 맛있게맵??직화불족? ?콤?콤 ?채족발, ?상?궁??족발&보쌈 set, 반반족발+ 코라콜라 1.25L 콤보?트","?늘?? ?선???발;39,000?? 방금?온 ?들?들 보쌈;38,000?? 맛있게맵??직화불족?39,000?? ?콤?콤 ?채족발;39,000?? ?상?궁??족발&보쌈 set;51,000?? 반반족발+ 코라콜라 1.25L 콤보?트;42,000??",,,,,,,,,,,,,,,,,,,,,,,,,,,
220,252,221,4.57,???머?맥??????라?도 ?천??백연?97,92?(83?참여),34.95328001,127.5332695,0507-1310-4603,주점,"?맥?""?맥? 버터구이?징?? ?통?다? 북어", ?치, 반건조오징어, ?끼먹태," ???? ??? ?념?살치킨""","?맥?500cc;3,000?? 버터구이?징??9,000?? ?통?다?6,000?? 북어;7,000?? ?치;8,000?? 반건조오징어8,000?? ?끼먹태6,000?? ",,,,,,,,,,,,,,,,,,,,,,,,
221,253,222,4.71,카페 금뺏지 본점,?라?도 ?천???면 ?평?75-23,178?(112?참여),34.98886747,127.4954425,0507-1310-1321,카페,"갈릭????""갈릭???? 치즈?까?? ?우볶음? 고르곤졸??치즈 ?피?? ?욕치즈 조각케?? 초코무스 조각케?? ?니브레?? ?로?무?? 감자?김", 고르곤졸??치즈 ?피??,"갈릭????9,000?? 치즈?까??10,000?? ?우볶음?7,500?? 고르곤졸??치즈 ?피??9,800??",,,,,,,,,,,,,,,,,,,,,,,,,,
222,254,223,4.67,??무??천???라?도 ?천???천3?8,48?(45?참여),34.93191854,127.4957693,061-746-1430,?식,????무한리필,????무한리필,"????무한리필;14,900??",,,,,,,,,,,,,,,,,,,,,,,,,,,
223,255,224,4.59,겨비겨비,?라?도 ?천???천3?4-13,135?(126?참여),34.93245743,127.4958083,061-743-1278,?식,"?우갈비??""?우갈비?? ?우차돌박이", ?겹?? 목살, 가브리?? ???? 갈비?? 차돌박이," ""","?우갈비??00g;19,000?? ?우차돌박이150g;15,000?? ?겹??150g;12,000?? 목살 150g;12,000?? 가브리??150g;14,000??",,,,,,,,,,,,,,,,,,,,,,,,
224,256,225,4.53,???머?맥??당???라?도 ?천???산?110,36?(31?참여),34.9736144,127.4948737,061-751-4219,주점,먹태,"먹태, 치즈?볶?? 짜파구리, ?살치킨, 반건조오징어, ?념감자?김","먹태;14,000?? 치즈?볶??9,000?? 짜파구리;9,000?? ?살치킨;8,000?? 반건조오징어;10,000?? ?념감자?김;7,000??",,,,,,,,,,,,,,,,,,,,,,,,,,,
225,258,226,4.77,?필??커피,?라?도 ?천??중앙초등?157,11?(11?참여),34.94039399,127.5024831,010-6465-0157,카페,모카?트,"모카?트, ?드?립,카푸치노, 카페?떼, 카라멜마?야?? ?니진??몬?? 로얄밀?티, ?초? ?이?초? ?이??바닐???떼, 베이글&?림치즈, 치즈케??,모카?트;4",000?? ?드?립;4,000??카푸치노;5,000?? 카페?떼;5,000?? 카라멜마?야??5,"500?? """,,,,,,,,,,,,,,,,,,,,,,
226,259,227,4.86,복식???라?도 ?천???선배기1?20,44?(40?참여),34.95390124,127.5225965,0507-1385-0141,?식,?성??고기,?성??고기,"?성??고기;12,000??",,,,,,,,,,,,,,,,,,,,,,,,,,,
227,260,228,4.61,?라?반???라?도 ?천???천만길 5,18?(15?참여),34.92590477,127.4913381,061-904-3534,중식,"짜장?""짜장? ?동", ?면, 짬뽕, 고추짬뽕, 간짜?? ?선짬뽕, ?선간짜?? ?반짜장, 짬뽕? 볶음? ?채? ?선볶음? 군만??,"짜장?5,000?? ?동;7,000?? ?면;7,000?? 짬뽕;7,000?? 고추짬뽕8,000??",,,,,,,,,,,,,,,,,,,,,,
228,261,229,4.71,밀림슈???라?도 ?천????2?46,50?(48?참여),34.94781884,127.497427,0507-1464-0788,카페,"밀림스?""밀림스? ?림바닐???이즐넛", 밀림초코스? ?메리카?? 밀림인???콘," 밀림슈?너""","밀림스?변?? ?림바닐??5,000???이즐넛;5,000?? 밀림초코스?변?? ?메리카??4,000?? ",,,,,,,,,,,,,,,,,,,,,,,,,,
229,262,230,4.58,?물면?,?라?도 ?천???선?168-1,93?(81?참여),34.97041814,127.4865332,0507-1352-7761,?식,?갈비해물찜,"?갈비해물찜, ?물? 문어 ?물칼국?? ?게? 보말 매생??칼국??,?갈비해물찜(?갈?(?);65",000?? ?갈비해물찜(?갈?(?;55,000???물??);50,000???물??;40,000?? 문어 ?물칼국???;29,000?? 문어 ?물칼국???);39,"000??""",,,,,,,,,,,,,,,,,,,,,
230,263,231,4.55,?생?집 금곡???라?도 ?천??금옥?28,29?(28?참여),34.95384658,127.4804072,061-754-6685,?식,"?어??""?어?? 불고??시 ?물? 차돌박이?주볶음", 짜??돼지고기볶음, ?국, ?우버터구이, ?호박오리찜, 불고????물? 쭈꾸???볶음," ??리탕""","?어??35,000?? 불고??시 ?물?35,000?? 차돌박이?주볶음;25,000?? 짜??돼지고기볶음;25,000?? ",,,,,,,,,,,,,,,,,,,,,,
231,264,232,4.6,겨비겨비 ?????라?도 ?천???룡???3?-10,162?(143?참여),34.93402429,127.5495648,0507-1324-3639,?식,"?겹??""?겹?? 갈비?? 차돌박이", 목살, ????,"?겹??12,000?? 갈비??19,000?? 차돌박이;16,000?? 목살;12,000?? ????14,000??",,,,,,,,,,,,,,,,,,,,,,,,,,
232,265,233,4.58,?늘,?라?도 ?천???명?55,37?(34?참여),34.9466222,127.5128031,0507-1378-1235,카페,"?메리카??""?메리카?? ?스?레?? 카페?떼", 바닐?라?? 카푸치노, 카라멜마?야?? 카페모카, ?포카토, ?절미아?슈?너, 카카?아?슈?너, 복숭?아?스?? 고구마라?? ?차?떼, 초코?떼, ?이??,"?메리카??3,000?? ?스?레??3,000?? 카페?떼;4,000?? 바닐?라??,500?? 카푸치노;4,000?? 카라멜마?야??,500??",,,,,,,,,,,,,,,,,,,
233,266,234,4.57,?드림참??라?도 ?천????1?3-32,36?(27?참여),34.97142218,127.522904,061-726-0056,?식,?참치회,"?참치회, ?연???어, 참치+?어, 참치+?어, ?연?회, ?어?? ?묵?? ??초밥, ?림 초밥, ?동, ?구탕, ?우?김, ?까??고구? 치즈), 참치??, ?어??","?참치회;39,000?? ?연???어;39,000?? 참치+?어;39,000?? 참치+?어;39,000?? ?연?회;25,000??",,,,,,,,,,,,,,,,,,,,,,,,,,,
234,267,235,4.54,로만?코,?라?도 ?천???남?130,96?(83?참여),34.95191806,127.4813558,.,카페,"?스?레??""?스?레?? ?메리카?? 카페?떼", ?랫?이?? ?천커피, ?드?립커피, ?그리아(?코??, ???에?드/?천?이?? ?기?허브차, ?차, ?비?커?차, ?호박파?드, 마쉬멜로??쿠키, ?레??쿠키," ?넛베리?콘""","?스?레??3,500?? ?메리카??3,500?? 카페?떼;4,000?? ?랫?이??4,000?? ?천커피;5,000??",,,,,,,,,,,,,,,,,
235,268,236,4.82,?자?죽,?라?도 ?천???평13?20,39?(30?참여),34.9416562,127.4918812,061-741-6862,?식,?죽,"?죽, ??? ?물칼국?? ?심?들깨칼?, 비빔?,?죽;7",000?? ???8,000?? ?물칼국??7,000?? ?심?들깨칼?7,000?? 비빔?7,"000??""",,,,,,,,,,,,,,,,,,,,,,
236,269,237,4.56,?바치텐,?라?도 ?천????4?9-5,70?(59?참여),34.96889333,127.5259507,0507-1363-0808,?식,?규살치살,"?규살치살, ??기목?? ?규갈비살, ?규안창살, ??기안창살","?규살치살;27,000?? ??기목??12,000?? ?규갈비살;25,000?? ?규안창살;27,000?? ??기안창살;13,000??",,,,,,,,,,,,,,,,,,,,,,,,,,
237,270,238,4.61,꽃밥먹으???라?도 ?천???선?166-4,114?(93?참여),34.97012292,127.4866188,061-752-3394,?식,?자,"?자, ?스?, 볶음? 짬뽕, ???? ?맥?,?자;11",000?? ?스?;6,500?? 볶음?5,500?? 짬뽕7,500?? ????,000?? ?맥?2,"000??""",,,,,,,,,,,,,,,,,,,,,,
238,271,239,4.8,?닭꼬치 ?천?????라?도 ?천???룡?좌야?50,20?(16?참여),34.93777103,127.5467069,061-906-5592,?식,"???""??? ???꼬? ??질꼬? 모래집꼬? ?통꼬치", ?꼬? ?갈비살꼬치, ?시지꼬치, ??꼬?,"???6,000?? ???꼬?6,000?? ??질꼬?5,000?? 모래집꼬?5,000?? ?통꼬치;5,000??",,,,,,,,,,,,,,,,,,,,,,,,,
239,272,240,4.52,?스?엘?친,?라?도 ?천???동?18,252?(235?참여),34.95467762,127.4827427,061-752-4646,?식,"?베?컨 매콤 ?림까르보나??""?베?컨 매콤 ?림까르보나?? ?철?산물토마토?스?", 봉골?리조또, ?이?림리조?? ?나?라?냐," ?라?채?등???테?크""","?베?컨 매콤 ?림까르보나??14,000?? ?철?산물토마토?스?;16,000?? 봉골?리조또;15,000?? ?이?림리조??5,000?? ?나?라?냐;18,000?? ?라?채?등???테?크;29,000??",,,,,,,,,,,,,,,,,,,,,,,,
240,273,241,4.55,만석???라?도 ?천???마?106,49?(44?참여),34.94559262,127.4998316,061-741-6637,?식,?,"?, ??고기?, ??만국? ??, ?육, ?어??,?;7",000?? ??고기?;7,000?? ??만국?,000?? ??(?;5,000?? ?육(?;20,000?? ?어??8,"000??""",,,,,,,,,,,,,,,,,,,,,,
241,274,242,4.53,촌닭?두마리 ?당???라?도 ?천???산?92-22,33?(26?참여),34.97186837,127.4935359,0507-1479-6900,주점,?날?닭,"?날?닭, ??? ?라?드, ?념, 매운?념, 마늘간장, ?갈비통?? ?맥?,?날?닭(?마?;7",000???날?닭(?마?;13,000?? ???8,000?? ?라?드(조각);12,000?? ?념(조각);13,000?? 매운?념(조각);13,000?? 마늘간장(조각);13,"000??""",,,,,,,,,,,,,,,,,,,,,
242,275,243,4.55,?금?정?식???라?도 ?천???봉?41,32?(27?참여),34.96021846,127.5261595,061-725-3139,?식,?회비빔?+ ?장찌개,"?회비빔?+ ?장찌개, ??김치찌? ???육볶음, 차돌박이?장찌개, 비빔/물냉? ?우?면, ??, ?룽지","?회비빔?+ ?장찌개;8,000?? ??김치찌?7,000?? ???육볶음;9,000?? 차돌박이?장찌개;8,000?? 비빔/물냉?4,000??",,,,,,,,,,,,,,,,,,,,,,,,,,,
243,276,244,4.68,?레?까???라?도 ?천???마?115-1,49?(46?참여),34.94600399,127.5010391,061-741-8417,?식,"?심?까??""?심?까?? ?심?까??","?심?까??150g~160g);9,000?? ?심?까??150g~160g);10,000??",,,,,,,,,,,,,,,,,,,,,,,,,,,,
244,277,245,4.59,카페 ?랫,?라?도 ?천???향??1602-1,87?(71?참여),34.94112421,127.5248005,061-725-0009,카페,?메리카??+ ???드?치,"?메리카??+ ???드?치, ?기주스 / ?떼, ??,?메리카??+ ???드?치;6",000?? ?기주스 / ?떼;5,000?? ??4,"000??""",,,,,,,,,,,,,,,,,,,,,,,,
245,278,246,4.68,?공???????라?도 ?천???룡????18,534?(274?참여),34.93407398,127.5493233,0507-1494-8008,카페,?당밀?티,"?당밀?티, 블랙밀?티, 초코밀?티, ?로??티, ?주말차밀?티, ?메리카?? 카페?떼, 바닐?라??,?당밀?티(기본);3",700?? 블랙밀?티;2,000?? 초코밀?티(기본);2,700?? ?로??티(기본);2,700?? ?주말차밀?티(기본);2,"700??""",,,,,,,,,,,,,,,,,,,,,,,
246,279,247,4.54,머스?해브커???라?도 ?천???당?길 165,68?(61?참여),34.95731161,127.4907344,0507-1309-4215,카페,"?레그랏??""?레그랏?? ?몽?이?? ?메리카?? 카페?떼", 카푸치노, 바닐?라?? ?몬?모카라?? MSG?떼, 말차?떼," ?몬?이?? 몬몽?이?? ?마가 ?? 준 매실? ?던?그 밀?티""","?레그랏??5,000?? ?몽?이??4,500?? ?메리카??2,900?? 카페?떼;3,400?? 카푸치노;3,400?? ",,,,,,,,,,,,,,,,,,,,,,,,
247,280,248,4.54,비스?로??라?도 ?천???동1?26,52?(47?참여),34.95391106,127.5177891,0507-1315-2759,?식,"?바?학??""?바?학?? ?위?식 감자?? ?태리식 ?통 까르보나?? ?러???일??곁들??버섯 구이", 견과류? 곁들??곶감 치즈말이, ?제굴과 ?림치즈 ?과, 치즈?레?? ?러?크림소?? ?몽 ?레?트, 캐비???우 ?르?? ?스???레?트, ?이?터," 가리비 관?구?? ?우 ?심 ?테?크""","?바?학??45,000?? ?위?식 감자??27,000?? ?태리식 ?통 까르보나??6,000?? ?러???일??곁들??버섯 구이25,000?? 견과류? 곁들??곶감 치즈말이17,000??",,,,,,,,,,,,,,,,,,,,,,
248,281,249,4.58,?녕?매???????라?도 ?천???룡?매안?35,497?(404?참여),34.93538877,127.5507934,0507-1307-9076,?식,"?염???갈?""?염???갈? ?염???회", ?종??마늘구이, ?이버섯 ??, ?염??궁채?물 볶음, ?염???회 비빔? 꼬막비빔? 꼬막?? ?염?불고기비빔?,"?염???갈?28,000?? ?염???회;28,000?? ?종??마늘구이;55,000?? ?이버섯 ??60,000??",,,,,,,,,,,,,,,,,,,,,,,,
249,282,250,4.71,?정,?라?도 ?천???산?40,234?(192?참여),34.93768477,127.5265657,010-8862-3653,?식,"?규코??""?규코?? ?규스?이?? ???림 리조?? ?푸??로제 ?스?", ?림???림 ?스?, 명? ?림 ?스?, ?림???리???리?? ?물 ???끼 짬뽕, ??로제 리조?? ?푸???이?터 ?스??,"?규코??29,000?? ?규스?이??33,000?? ???림 리조??18,000?? ?푸??로제 ?스?;15,000?? ?림???림 ?스?;15,000?? 명? ?림 ?스?;15,000??",,,,,,,,,,,,,,,,,,,,,,,
250,283,251,4.67,?치카츠,?라?도 ?천??충효?119,85?(73?참여),34.94954359,127.5152842,061-743-5279,?식,"?심???""?심??? ?심??? 모듬??? ?꽃치즈??? 김치카츠나? 로스카츠""","?심???9,000?? ?심???14,000?? 모듬???14,000?? ?꽃치즈???14,000?? 김치카츠나?13,000??",,,,,,,,,,,,,,,,,,,,,,,,,,,
251,284,252,4.55,?들리밥 ?천 ???원???라?도 ?천???천6?20,44?(36?참여),34.93359917,127.494354,061-901-5975,주점,"맥스?맥?""맥스?맥? ?밥?맥? ?나몬생맥주", 기네???맥? ?임???이? 봄베???이? ?????이? ?치 ?이? ?페??프리츠, 말리부 ?렌지, 깔루??밀?? 진토?? ??," 마티?? 블랙리시?? ?이?리?안""","맥스?맥?4,000?? ?밥?맥?5,000?? ?나몬생맥주;5,000?? 기네???맥?9,000?? ",,,,,,,,,,,,,,,,,,,,,,,,
252,285,253,4.89,?락카레 ?수공원???라?도 ?천????4?14-9,"1,603?(1,475?참여)",34.96827585,127.5249536,0507-1343-0221,?식,?락카레?트,"?락카레?트, 치킨카레?트, ?락카레, ?림카레?트, 버섯카레?트","?락카레?트;13,000?? 치킨카레?트;12,000?? ?락카레;7,500?? ?림카레?트;12,500?? 버섯카레?트;13,500??",,,,,,,,,,,,,,,,,,,,,,,,,,,
253,286,254,4.7,초밥??,?라?도 ?천???천5?17,98?(80?참여),34.93331626,127.4958719,0507-1309-6044,?식,맞춤초밥,"맞춤초밥, 비싼초밥, ?모?초? 광어+?어초밥, ?어초밥, 광어초밥","맞춤초밥;15,000?? 비싼초밥;18,000?? ?모?초?15,000?? 광어+?어초밥;17,000?? ?어초밥;17,000?? 광어초밥;17,000??",,,,,,,,,,,,,,,,,,,,,,,,,,
254,287,255,4.59,가마치?닭 ?천 NC???라?도 ?천??비봉?3,76?(63?참여),34.97153648,127.5206479,061-722-7292,주점,"?마리통??""?마리통?? ?집?김", ?마리통?? 가마치?살, 조각?? ???김, 간장치킨, 가마치?살?념, 가마치즈볼," ?념치킨""","?마리통??15,000?? ?집?김;8,000?? ?마리통??8,000?? 가마치?살;10,000?? 조각??11,000??",,,,,,,,,,,,,,,,,,,,,,
255,288,256,4.56,?슬,?라?도 ?천???동1?11,16?(16?참여),34.95863691,127.5123497,010-3596-6065,카페,"?메리카??""?메리카?? 카푸치노", 카페?떼, ?유?떼, 바닐?빈?떼, 카페모카, 카라멜마?야?? 그린?샷?떼, 초코?떼, 고구마라?? 백향과에?드, ?몽?이?? ?몬?이?? ?몽? ?몬? ?마?주?? ?위주스, 모카 ?라?치?? ?스?레?? ?라?치?? 그린???라?치?? ?크초코 ?라?치??,"?메리카??,500?? 카푸치노;4,000?? 카페?떼4,000?? ?유?떼;4,500?? 바닐?빈?떼;4,500??",,,,,,,,,,,,,,,,,,
256,289,257,4.65,카페????라?도 ?천???룡???길107,52?(48?참여),34.84842436,127.525104,0507-1328-8404,카페,"?메리카??""?메리카?? ?스?레?? 카푸치노", 바닐?라?? 카라멜라?? ?레로모카라?? ?션블루?이?? ?몽?이?? 골드?위주스, 복숭?아?스?? ?치볼라?? ?레?요거트," ?기?거?? 블루베리?거?? ?주?차즙주스 ""","?메리카??5,000?? ?스?레??5,000?? 카푸치노;6,300?? 바닐?라??6,500?? 카라멜라??6,500??",,,,,,,,,,,,,,,,,,,,,,,,,
257,290,258,4.54,?값?치,?라?도 ?천??봉화2?10,113?(110?참여),34.95490069,127.5186436,0507-1406-0081,?식,?회,"?회, 뭉티? ?회?연?? ?딱?? ?우물회, ?어","?회(200g);19,000?? 뭉티?35,000?? ?회?연??35,000?? ?딱??5,000?? ?우물회;35,000?? ?어;20,000??",,,,,,,,,,,,,,,,,,,,,,,,,,
258,291,259,4.57,?촌?육?당,?라?도 ?천???룡??촌?23,37?(19?참여),34.88893292,127.5684981,010-7104-3477,?식,"버섯 ?채불고?""버섯 ?채불고? ?갈비탕", ?회비빔? ?회, ?사??, ?차???? ?차??인, ?심?선, ?머리곰?? ?우?렁??,"버섯 ?채불고?13,000?? ?갈비탕;13,000?? ?회비빔?8,000?? ?회(200g);8,000?? ?사??(200g);20,000?? ",,,,,,,,,,,,,,,,,,,,,,
259,292,260,4.62,?천 ?면 ?부?,?라?도 ?천???면 강청?,37?(13?참여),34.98914698,127.505293,061-751-7514,?식,??머리?,"??머리?, ???, ?장?, ?어?, 조기?? ?고? 짜??? ?통, ?육, ?순?, ?태??,??머리?;7",000?? ???;8,000?? ?장?;8,000?? ?어?;8,000?? 조기??8,"000??""",,,,,,,,,,,,,,,,,,,,,,
260,293,261,4.53,?담치킨 ?????라?도 ?천???룡?매안?45,34?(20?참여),34.93557401,127.5498553,061-724-6166,?식,골드?라?드,"골드?라?드, 골드?념치킨, ?리지?누??로스?? ?? 베이???래? ?새?치?? ?치킨, ?림??강정치킨, ?빙 마늘치킨, ?날?닭","골드?라?드;17,000?? 골드?념치킨;18,000?? ?리지?누??로스??17,000?? ?? 베이???래?18,000?? ?새?치??27,800??",,,,,,,,,,,,,,,,,,,,,,,,,,,
261,296,262,4.6,금당막회,?라?도 ?천???선배기1?6-26,21?(20?참여),34.95340053,127.5238587,061-721-9200,?식,막회,"막회, 감성?? 줄돔, 광어초밥, ?어초밥, ?어??,막회(?;40",000??막회(?);50,000??막회(??;60,000??막회(??);80,000?? 감성??80,000?? 줄돔;100,000?? 광어초밥;17,000?? ?어초밥;13,000?? ?어??25,"000??""",,,,,,,,,,,,,,,,,,
262,297,263,4.55,?방곱창 ?천?????라?도 ?천???룡???3?,85?(73?참여),34.93424068,127.5496403,010-5834-2239,?식,모듬구이,"모듬구이, 곱창버섯?골, ?곱? ??? ?막? ?창버??? ?삼? 치즈계?? ?장?면, 볶음? 치즈볶음? ?창순?볶음","모듬구이;17,000?? 곱창버섯?골;34,000?? ?곱?16,000?? ???16,000?? ?막?6,000?? ",,,,,,,,,,,,,,,,,,,,,,,,,,,
263,298,264,4.57,진품?리집오??????라?도 ?천???룡??매?32,132?(98?참여),34.93225523,127.5533989,061-724-1589,?식,"?리불고?""?리불고? ?오? ?리?제""","?리불고?23,000?? ?오?23,000?? ?리?제;24,000??",,,,,,,,,,,,,,,,,,,,,,,,,,,,
264,299,265,4.59,카페1962,?라?도 ?천???천?34,136?(120?참여),34.95364736,127.4820173,0507-1331-9460,카페,"?메리카??""?메리카?? 1962?페?? 1962밀?티", 1962?로??,"1962?이?티""","?메리카??3,800?? 1962?페??5,000?? 1962밀?티;5,500?? 1962?로??6,000??.1962?이?티;6,000??",,,,,,,,,,,,,,,,,,,,,,,,,
265,300,266,4.52,?사부 ?????라?도 ?천???룡???4?,138?(120?참여),34.93369784,127.5511147,061-721-4560,중식,"짜장?""짜장? 짬뽕", ?동, 간짜?? ?면, 짬뽕? 볶음? ???이?? ?채? ?이? 북경? ?선짜장, ?선짬뽕, ?선?동, ?선간짜?? 고추짬뽕, ?니짜장, 기스? ?선볶음? ?탕? ?수?? ?채, ?조?? 고추?채, 부추잡? 깐풍? ?조? ?보? ?장?? ?산?? ?보?조, ?자?스," 귀구라? 짜춘? ?삼?? 계??? 물만?? ?끼만두 ""","짜장?3,500?? 짬뽕;4,500?? ?동;4,500?? 간짜??4,500?? ?면;5,000?? 짬뽕?5,000?? 볶음?5,000?? ",,,,,,,,,,,,,,,,
266,301,267,4.64,?춘봉인?치???천금당???라?도 ?천???룡??향?66,36?(29?참여),34.94299469,127.5323393,061-723-5300,주점,?춘봉바베큐,"?춘봉바베큐, 치라밥세?? 마늘간장치킨","?춘봉바베큐;18,000?? 치라밥세??22,500?? 마늘간장치킨;18,000??",,,,,,,,,,,,,,,,,,,,,,,,,,,
267,302,268,4.61,미??어,?라?도 ?천??봉화2?64,44?(39?참여),34.95891914,127.5181701,010-4545-1810,?식,"?연???시?""?연???시? ?연?초? ?연?불초밥", ?제?우 ?김," 물회""","?연???시???;19,000???연???시??;28,000???연?초?11,000?? ?연?불초밥;12,000?? ?제?우 ?김13,000?? 물회;15,000??",,,,,,,,,,,,,,,,,,,,,,,,,
268,303,269,4.75,카페미루???라?도 ?천???천만정?로 86,18?(18?참여),34.937045,127.4956103,070-4772-4330,카페,"?스?레??""?스?레?? ?메리카?? 카페?떼", 바닐?라?? 카페모카, ?이?모? 카라멜마?야??,"?스?레??3,500?? ?메리카??3,500?? 카페?떼;4,000?? 바닐?라??4,500?? 카페모카;4,500?? ",,,,,,,,,,,,,,,,,,,,,,,,,,
269,304,270,4.68,?부밥집,?라?도 ?천???안??일?7,403?(396?참여),34.90485466,127.3438088,061-753-0301,?식,벌교꼬막?식,"벌교꼬막?식, ???식(꼬막?식 + 짱뚱?탕), ?부백반, ?상차림(?크+꼬막), 꼬막비빔? 꼬막?전, 짱뚱?탕, ?고??브?브","벌교꼬막?식17,000?? ???식(꼬막?식 + 짱뚱?탕);20,000?? ?부백반;13,000?? ?상차림(?크+꼬막);20,000?? 꼬막비빔?0,000??",,,,,,,,,,,,,,,,,,,,,,,,,,
270,305,271,4.84,비블리스커피,?라?도 ?천???천3?4-7,50?(47?참여),34.93194452,127.4959261,0507-1431-0154,카페,"?메리카??""?메리카?? 바닐?빈?떼", 블루베리 ?거?스무디, 체리?이?? ?텔?초코??크," ?기치즈케?크""","?메리카??3,400?? 바닐?빈?떼;4,600?? 블루베리 ?거?스무디;5,000?? 체리?이??4,600?? ",,,,,,,,,,,,,,,,,,,,,,,,
271,306,272,4.61,??통???라?도 ?천??조?못등1?12-7,23?(15?참여),34.95301621,127.5288138,061-722-3356,주점,?라?드,"?라?드, ?살치킨, ?념치킨",?라?드;18000?? ?살치킨;20000?? ?념치킨;20000??,,,,,,,,,,,,,,,,,,,,,,,,,,,
272,307,273,4.73,?오?아구찜,?라?도 ?천???룡????길60,24?(18?참여),34.94972763,127.5267811,061-901-0799,?식,"?제 ?로??구?""?제 ?로??구? ?리?네 1???구? 맛집?? 1???물? 고객만족 1???물?? No.1 ??????",?제 ?로??구???;32000???제 ?로??구??;42000???제 ?로??구??);52000???리?네 1???구???;27000???리?네 1???구??;35000???리?네 1???구??);45000??,,,,,,,,,,,,,,,,,,,,,,,,,,,
273,308,274,4.54,?콤?이??라?도 ?천???산?135,108?(86?참여),34.94043456,127.5030012,061-746-2228,카페,"마카?""마카? ?메리카??",마카?2000???메리카??3300??,,,,,,,,,,,,,,,,,,,,,,,,,,,,
274,309,275,4.58,블루?트,?라?도 ?천??금곡?15,13?(13?참여),34.95477229,127.4826071,0507-1382-3232,주점,"몰트?스??""몰트?스?? ???엘", 발렌??? 조니?커 블랙, ?니마틴VSOP, ?네??VSOP, ?토??스?? 진토????, ?임?? ?????이? 말리부 ?렌지," 깔루??밀?? """,몰트?스??150000?? ???엘;100000?? 발렌???120000??조니?커 블랙;120000???니마틴VSOP;180000???네??VSOP;160000??,,,,,,,,,,,,,,,,,,,,,
275,310,276,4.56,?아???늘???라?도 ?천???마?102,57?(51?참여),34.94557007,127.4993826,061-902-5066,카페,"?반마카?""?반마카? 캐릭?마카롱", ?쿠?즈," 꼬끄?스?? 머랭쿠키""",?반마카?1500??캐릭?마카롱;1800???쿠?즈;2000??꼬끄?스??2500??머랭쿠키;2500??,,,,,,,,,,,,,,,,,,,,,,,,,,
276,311,277,4.51,구공?성?? ?????라?도 ?천???룡??매1?5-27,108?(82?참여),34.93437219,127.5531888,061-725-6791,?식,"?성?겹??""?성?겹?? ?성?겹?? ?성???? ?성가브리?? 차돌박이", ?양?구?? ???념구이, 껍떼? ?장찌개, ?장?면, ?면," 모듬버섯""",?성?겹??2900???성?겹??3300???성????4900???성가브리??4900??차돌박이;5000???양?구??9000?????념구이;6000??껍떼?4000??,,,,,,,,,,,,,,,,,,,,,,,
277,312,278,4.66,?불 ?천조????라?도 ?천???월?길 36,45?(34?참여),34.96091554,127.5174866,0507-1362-9984,주점,"가?비?자 불?마치??""가?비?자 불?마치?? 먹기?한 무뼈??", ?골치즈?볶?? 겉바?촉 ?날?닭, ?돌?김가루밥, 치즈?살불닭, ???우?볶?? 참치마요 주먹? 보들보들계??,가?비?자 불?마치??23900??먹기?한 무뼈??;17900???골치즈?볶??15000??겉바?촉 ?날?닭;14000???돌?김가루밥;17000??,,,,,,,,,,,,,,,,,,,,,,,,
278,313,279,4.65,?시만월,?라?도 ?천????1?3-26,58?(43?참여),34.97114264,127.5228731,0507-1459-7795,?식,?치 ?마카세,"?치 ?마카세, ?너?마카세",?치 ?마카세;35000???너?마카세;70000??,,,,,,,,,,,,,,,,,,,,,,,,,,
279,314,280,4.68,맛있??꼬마김??라?도 ?천???수?281,76?(55?참여),34.95217897,127.5151512,0507-1363-1340,?식,"?진김?""?진김? 진?채볶?? ?우불고? 멸치볶음", ?엉조림, ???볶??,?진김?6000??진?채볶??5500???우불고?14000??멸치볶음;5000???엉조림;5500?????볶??6500??,,,,,,,,,,,,,,,,,,,,,,,,,,
280,316,281,4.72,?청,?라?도 ?천???룡??촌?59,43?(21?참여),34.88754036,127.5750057,061-724-7443,?식,"?리불고?""?리불고? ?오? ?리반마? 마늘?겹?? ?식?룽지""",?리불고?38000???오?38000???리반마?20000??마늘?겹??12000???식?룽지;2000??,,,,,,,,,,,,,,,,,,,,,,,,,,,
281,317,282,4.69,?족,?라?도 ?천??지?길 176,18?(17?참여),34.92744796,127.491572,061-742-0303,?식,족발,"족발, 매운족발, 반반족발, 보쌈",족발;27000??매운족발;29000??반반족발;45000??보쌈;35000??,,,,,,,,,,,,,,,,,,,,,,,,,,
