0,1,중식,4.54,061-745-3850,국보성,전라남도 순천시 시민로 30,국보짜장,국보짜장;5000원. 간짜장;7000원. 삼선짜장;9000원. 짬뽕;7000원. 우동;7000원.,"국보짜장,간짜장,삼선짜장,짬뽕,우동,울면,기스면,매콤쟁반짜장,볶음밥,짬뽕밥,육개장,잡채밥,삼선볶음밥,유산슬밥,잡탕밥,탕수육",34.95229294,127.4862733
1,2,한식,4.58,061-743-1230,전원가든,전라남도 순천시 율전2길 63,흑염소떡갈비,능이 오리백숙;65000원. 능이 닭백숙;65000원. 능이 옻 닭백숙;80000원. 능이 옻 오리백숙;80000원. 능이 버섯전골(대);50000원.,"흑염소떡갈비,옻닭,촌닭숯불양념구이,촌닭백숙,오리양념숯불구이,오리떡갈비,장어탕",34.95159816,127.494543
2,3,한식,4.61,061-753-9768,별미보쌈,전라남도 순천시 삼산로 92-28,오리불고기,오리불고기;28000원. 생오리;30000원. 보쌈(대);35000원. 보쌈(중);30000원. 보쌈(소);25000원.,"오리불고기,생오리,보쌈,생삼겹살,아구찜,김치찌개,장어탕,동태탕,조기매운탕,청국장,양념닭발",34.9714479,127.4937776
3,4,향토음식,4.63,061-745-1615,솔가든,전라남도 순천시 상사면 상사호길218,참게탕,참게탕(대);65000원. 참게탕(중);55000원. 참게탕(소);45000원. 피리잡탕(대);50000원. 피리잡탕(중);45000원.,"참게탕,피리잡탕,참게메기탕,짱뚱어탕,용봉탕,황칠백숙,꿩탕,옻닭,닭장,닭도리탕,토종백숙",34.9304335,127.4646093
4,5,중식,4.59,061-744-8843,팔팔반점,전라남도 순천시 이수1길 61,짜장면,짜장면;가격정보없음원. 짬뽕;가격정보없음원.,"짜장면, 짬뽕",34.94901007,127.506786
5,6,주점,4.67,0507-1424-5557,간판없는포차,전라남도 순천시 봉화2길 38,한우육전,한우육전;28000원. 매운갈비찜;30000원. 해물부추전;13000원. 꼬막무침;27000원.,"한우육전,해물파전,해물부추전,매운갈비찜,두부김치,제육볶음,골뱅이무침,해물코다리찜,낙지볶음,꽃게탕,골뱅이탕,잔치국수,냉국수",34.95679442,127.5182962
6,7,주점,4.53,061-753-2442,조선막창,전라남도 순천시 가곡길 6,생삼겹살,생삼겹살;10000원. 막창;8000원. 냉면;3000원. 라면;3000원.,"생삼겹살,막창,냉면,라면",34.98046112,127.4838206
7,8,한식,4.62,061-755-5583,오금산장,전라남도 순천시 낙안면 조정래길1109,토종닭백숙,토종 닭백숙;60000원. 토종 닭옻닭;70000원. 토종닭장;60000원. 닭도리탕;70000원. 오골계;60000원.,"토종닭백숙,토종닭옻닭,토종닭장,닭도리탕,오골계,옻오골계,더덕구이",34.92886057,127.3287568
8,9,한식,4.6,061-725-9801,순천칡냉면 2호점,전라남도 순천시 대석3길 50-9,비빔냉면,비빔냉면;7000원. 물냉면;7000원. 왕만두;7000원.,"비빔냉면,물냉면",34.94664037,127.5260292
9,10,중식,4.75,061-751-2666,다리원,전라남도 순천시 북문길 102,짜장,짜장면;5000원. 우동;7000원. 짬뽕;7000원. 울면;7000원. 짬뽕밥;7000원.,"짜장,우동,짬뽕,간짜장,울면,기스면,삼선짜장,삼선우동,삼선짬뽕,삼선간짜장,군만두,만두국,콩국수,볶음밥,짬뽕밥,짜장밥,잡채밥,오므라이스,삼선볶음밥,난자완스밥,잡탕밥,유산슬밥,계란탕,잡채,덴무라,라조육,라조기,깐풍기,난자완스,팔보채,양장피,유산슬,해삼탕,각종냉채,새우튀김,소고기탕수육,탕수육",34.96138363,127.4851346
10,11,한식,4.6,061-753-5232,바른냉면순천대점,전라남도 순천시 순천대1길 30,직화불고기 물냉면,물냉면+불고기;6000원. 비빔냉면+불고기;6000원. 비빔밥+불고기;6000원. 매콤제육덮밥;6000원. 바른우동+고기&밥;6000원.,"직화불고기 물냉면,직화불고기 비빔냉면,직화불고기 비빔밥,매콤제육덮밥,튀김만두,갈비만두,사골떡만두국,해물칼국수",34.96785818,127.4851075
11,13,한식,4.62,061-683-8378,다송정,전라남도 순천시 해룡면 율촌로131-8,갈치조림,갈치조림;15000원. 장어구이(양념);20000원. 장어구이(소금);20000원. 통장어탕;13000원. 장어탕;8000원.,"갈치조림,장어구이,장어탕,김치찌개,물회",34.88587108,127.5766567
12,14,한식,4.69,061-745-0581,당산나무,전라남도 순천시 장평4길 60,생삼겹살,생삼겹살;10000원. 가브리살;10000원. 생오리구이;20000원. 제육볶음;10000원. 닭도리탕;30000원.,"생삼겹살,가브리살,생오리구이,백숙,제육볶음,닭도리탕,영양삼계탕,한우떡갈비,돼지떡갈비,우럭매운탕,묵은지전골,가정식백반,냉면,누룽지",34.94170594,127.4943959
13,15,한식,4.51,061-754-1652,별미정,전라남도 순천시 주암면 외광길24-33,돼지생갈비,국내산돼지갈비(1근) 500g;25000원. 국내산 다슬기탕(대);50000원. 국내산 다슬기탕(소);30000원. 국내산 김치찌개;30000원. 다슬기 수제비;8000원.,"돼지생갈비,다슬기탕,김치찌개,다슬기수제비,애호박찌개,닭장떡국",35.07749431,127.236163
14,16,일식,4.63,061-725-0003,나로도횟집,전라남도 순천시 대석4길 2-15,농어,농어(2인);70000원. 우럭(2인);70000원. 도다리(2인);80000원. 참돔(2인);80000원. 광어(2인);70000원.,"농어,우럭,도다리,참돔,광어,모듬,감성돔,줄돔,다금바리,능성어,봄도다리,뼈꼬시,쑥지리탕,하모사시미,하모샤브샤브,전어사시미,전어무침,전어뼈꼬시",34.94506019,127.525395
15,17,한식,4.67,061-904-0821,용팔이,전라남도 순천시 오천6길 37,해신백숙,해신백숙;100000원. 전복버터구이;40000원. 해물섞어탕(대);55000원. 해물섞어탕(중);40000원. 쭈삼볶음;40000원.,"해신백숙,해물섞어탕,문어섞어탕,전복버터구이,매운돼지갈비찜,쭈삼볶음,문어숙회,해물칼국수",34.9338867,127.4955057
16,18,향토음식,4.8,061-743-0036,남원추어탕,전라남도 순천시 남산로 163,추어탕,추어탕;9000원. 추어튀김;10000원. 공기밥;1000원. 음료수;2000원.,"추어탕,추어튀김",34.94120545,127.5058793
17,19,한식,4.58,061-722-1746,강남가든,전라남도 순천시 연향로 27,장어구이정식,장어구이정식;20000원. 장어탕;10000원. 서대회;13000원.,"장어구이정식,장어탕,서대회",34.94325703,127.5165657
18,20,한식,4.69,061-726-7300,돌탱이,전라남도 순천시 연향번영4길 15,생삼겹,생삼겹;12000원. 가브리;13000원. 김치찜;7000원. 냉면;5000원. 볶음밥/누룽지;2000원.,"생삼겹,가브리,김치찜,냉면,볶음밥,누룽지",34.94690354,127.5165959
19,21,향토음식,4.51,061-754-5541,원보추어탕,전라남도 순천시 기적의도서관1길 84,추어탕,추어탕;9000원.,추어탕,34.9491101,127.526006
20,24,향토음식,4.52,061-725-4378,소문난추어탕,전라남도 순천시 연향2로 10-1,추어탕,추어탕;9000원.,추어탕,34.94783126,127.5166008
21,25,한식,4.51,061-754-8256,초가네왕족발보쌈,전라남도 순천시 삼산로 135-4,족발,족발(대);36000원. 족발(중);32000원. 족발(소);28000원. 보쌈(대);36000원. 보쌈(중);32000원.,"족발,매운족발,냉채족발,보쌈,매운보쌈,마늘보쌈",34.97590598,127.4964422
22,26,한식,4.58,061-745-1735,청송가든,전라남도 순천시 상사면 상사호길259,황칠백숙,황칠백숙;65000원. 닭장;6000원. 한방옻오리백숙;65000원. 한방오리백숙;6000원. 오리전골;5000원.,"황칠백숙,한방옻오리백숙,한방오리백숙,오리전골,생오리로스,한방약옻닭,닭구이,토종닭백숙,닭도리탕,붕어찜,참게탕,빠가탕,잡탕,피리탕,메기탕,한방토끼백숙,버섯요리토끼전골,지리토끼탕,꿩탕,용봉탕,누룽지",34.93355763,127.4596867
23,27,한식,4.67,061-722-7617,순흥오리불고기,전라남도 순천시 장자보2길 62,오리불고기,오리불고기;가격정보없음원. 오리전골;가격정보없음원. 오리탕;가격정보없음원. 장어양념구이;가격정보없음원. 장어소금구이;가격정보없음원.,"오리불고기,오리전골,오리탕,장어양념구이,장어소금구이,장어탕",34.94718544,127.5157923
24,28,한식,4.67,061-741-2821,광양옛날곱창,전라남도 순천시 덕연로 63,모듬구이,콜라겐듬뿍 껍데기;7000원. 동글동글 생막창;10000원. 오돌오돌 생오돌뼈;10000원. 불고기맛특수부위;10000원. 생삼겹살 200g;12000원.,"모듬구이,껍데기,생막창,생오돌뼈,불고기맛특수부위,마늘양념맛특수부위,마늘닭발,매콤양념닭발,마늘닭갈비살,양념닭갈비살,생삼겹살,생목살,생갈매기살,껍데기볶음,무뼈닭발볶음,오돌뼈볶음,두루치기,모듬볶음",34.94886634,127.5132004
25,29,한식,4.54,061-723-8803,산들바람,전라남도 순천시 연향2로 17-6,옹수세트,옹수세트;10000원. 묵수세트;10000원. 전통비빔밥;8000원. 맷돌콩국수;7000원. 묵무침;10000원.,"옹수세트,묵수세트,들깨옹심이수제비,묵사발,묵비빔밥,전통비빔밥,메밀비빔국수,콩국수,우무콩국수",34.94825948,127.5173902
26,30,한식,4.6,0507-1377-6970,우리밀손팥죽,전라남도 순천시 삼산로 118-5,팥칼국수,바지락수제비;8000원. 수제 왕돈까스;10000원. 팥칼국수;7000원. 동지팥죽;8000원. 만두한접시;6000원.,"팥칼국수,동지죽,도토리묵,검은콩국수,만두한접시,만두반접시",34.97380271,127.4955816
27,31,한식,4.56,061-745-7800,국일설렁탕,전라남도 순천시 충효로 117,설렁탕,설렁탕;9000원. 갈비탕;10000원. 한우선지해장국;8000원. 낙지비빔밥;9000원. 돌솥밥설렁탕;11000원.,"설렁탕,갈비탕,한우선지해장국,낙지비빔밥,모듬접시수육,돌솥밥설렁탕,돌솥밥갈비탕,돌솥도가니당,돌솥꼬리곰탕,모듬수육전골",34.94919646,127.5149248
28,32,한식,4.69,0507-1418-9445,중앙순대국밥,전라남도 순천시 별미길 15,국밥,국밥;7000원. 순대국밥;7000원. 모듬국밥;7000원. 콩나물국밥;6000원. 김치찌개;7000원.,"국밥,순대국밥,모듬국밥,콩나물국밥,김치찌개,오징어볶음,두부김치,고기전골,돌곱창,머리고기,곱창수육,순대,떡볶이,라볶이,라면",34.95392732,127.4851264
29,34,한식,4.72,0507-1397-0147,연우당,전라남도 순천시 상사면 응령길7,백반,한식한상;10000원.,백반,34.94049696,127.443368
30,35,한식,4.66,061-723-5999,육판대감 조례동점,전라남도 순천시 봉화2길 24,양념갈매기살,양념 갈매기살;6500원. 주물럭 갈매기살;6500원. 매운갈매기살;6500원. 생갈매기살;6000원. 삼겹살;6500원.,"양념갈매기살,주물럭갈매기살,매운갈매기살,생갈매기살,삼겹살,목살스테이크,멍석갈비,돼지막창,수제소세지,껍닥,육판스페셜,대감스페셜,배팡팡스페셜,돼지김치찌개,해물반합라면,냉면,치즈퐁듀,멸치날치알주먹밥,추억의도시락,누룽지,계란찜,된장찌개",34.95579454,127.5184357
31,36,한식,4.57,061-722-4544,삼을국밥,전라남도 순천시 연향번영길 81,돼지머리수육,돼지머리수육;25000원. 돼지머리국밥;7000원. 순대국밥;7000원. 돈족탕;9000원. 돼지머리포장수육;30000원.,"돼지머리수육,돼지머리국밥,순대국밥,돈족탕,돼지머리포장수육,순대한접시",34.94867429,127.5173745
32,37,한식,4.53,061-722-3063,막창도둑 순천조례점,전라남도 순천시 남신월1길 1,돼지생막창,돼지생막창;9000원. 낙지볶음(점심특선);11000원. 불막창;9500원. 소막창;11000원. 이베리코꽃목살;10000원.,"돼지생막창,불막창,소막창,소대창,오돌갈비,소갈비살,이베리코꽃목살,돼지왕갈비,벌집껍데기,불닭발,곱창전골",34.95455229,127.5189721
33,38,한식,4.77,061-726-9696,땡땡땡,전라남도 순천시 연향번영2길 20,생갈비,생갈비;12000원. 오겹살;13000원. 김치찌개;4000원. 계란찜;2000원. 누룽지;2000원.,"생갈비,오겹살,김치찌개,누룽지,라면,계란찜",34.94541114,127.5165866
34,39,한식,4.85,061-751-7992,뼈대있는집,전라남도 순천시 유동1길 29-16,소금등갈비,양념등갈비;10000원. 매운등갈비;10000원. 매운등갈비찜;28000원. 등갈비모듬;38000원. 삼겹살;9000원.,"소금등갈비,양념등갈비,매운등갈비,매운등갈비찜,등갈비모듬(소),등갈비모듬(대),급냉삼겹살,마늘막창,매운막창,마늘닭발,매운닭발,똥집,계란말이,추억의도시락,후식이라면,짜장이라면,계란찜",34.95494471,127.5179885
35,40,한식,4.59,061-754-7723,먹고보자,전라남도 순천시 순천대1길 30,찜닭,찜닭;22000원. 닭도리탕;22000원. 오징어볶음(2인);14000원. 주물럭(2인);13000원. 제육볶음(2인);13000원.,"찜닭,닭도리탕,오징어볶음,주물럭,제육볶음,곱창볶음,곱창전골,부추해물전,돼지머리국밥,콩나물해장국,김치찌개,된장찌개,부대찌개,순두부찌개,제육덮밥,오징어덮밥,김치볶음밥,고기비빔밥,갈비탕,즉석콩국수,물냉면,비빔냉면",34.96785818,127.4851075
36,41,향토음식,4.64,061-753-0175,모정쌈밥,전라남도 순천시 중앙시장길 51,돼지숯불고기,돼지숯불구이 쌈밥;10000원. 쭈꾸미삼겹살;20000원. 고등어조림 쌈밥;10000원. 정어리조림 쌈밥;10000원. 갈치조림 쌈밥;15000원.,"돼지숯불고기,고등어쌈밥,정어리쌈밥,갈치조림,쭈삼불고기,추어탕,삼계탕",34.95334019,127.4866393
37,42,한식,4.56,0507-1407-5292,오리명가,전라남도 순천시 해룡면 중흥1길8,오리로스모듬,모듬2인;35000원. 숯불회전구이;48000원. 참나무장작삼겹살;12000원. 오리로스/모듬;12000원. 한방황칠오리백숙;70000원.,"오리로스모듬,오리로스구이,오리훈제구이,숯불회전구이,오리전골,한방황칠오리백숙,한방황칠오리옻백숙,참나무장작통삽겹구이,누룽지,곤드레냉면",34.89593958,127.5334667
38,43,한식,4.52,061-727-2662,정주간,전라남도 순천시 상대석1길 15,한가람정식,한가람정식;10000원. 한우리정식(3인 이상);15000원. 나누리정식(3인 이상);20000원.,"한가람정식,한우리정식,나누리정식",34.94908237,127.5235679
39,44,주점,4.6,.,장보고포차,전라남도 순천시 대석3길 48,하모샤브,하모 샤브/회;가격정보없음원. 맛조개구이/찜/회무침;가격정보없음원. 전어회/구이/회무침;가격정보없음원. 왕새우구이/오도리/홍대새우;가격정보없음원. 쭈꾸미마늘구이/샤브/볶음/숙회;가격정보없음원.,"하모샤브,하모회,맛조개구이,맛조개찜,맛조개회무침,전어회구이,전어회무침,왕새우구이,오도리,홍대새우,쭈꾸미마늘구이,여수돌산굴찜,새꼬막한판,꽃게탕,꽃게찜,구룡포과메기,갑오징어숙회,갑오징어찜,갑오징어회,소라숙회,꾸죽,전복버터구이,계절별회무침,문어구이,쭈꾸미구이,불고기낙지전골,한우육회산낙지,모듬해산물,해물닭볶음탕,간재미회,우럭회,광어회,잡어매운탕,계한밥,날치알주먹밥,해물라면,떡국,멍게비빔밥,계란찜,잔치국수",34.9462785,127.5264316
40,45,한식,4.62,061-722-1597,낭낭오리집 신대1호점,전라남도 순천시 해룡면 매안4길25,오리불고기,오리불고기;13000원. 생오리;13000원. 고추장불고기;15000원. 오리훈제;17000원. 오리불고기+오리탕;22000원.,"오리불고기,생오리,오리훈제,고추장불고기,낭낭세트,오리백숙,오리탕,고추장불고기백반",34.93153679,127.5542265
41,47,카페,4.6,061-751-2500,의재당,전라남도 순천시 별미길 29,에스프레소,에스프레소;3300원. 아메리카노;3500원. 더치아메리카노;4300원. 카페라떼;4000원. 더치카페라떼;4800원.,"에스프레소,아메리카노,더치아메리카노,카페라떼,더치카페라떼,바닐라라떼,말차카페라떼,자두라떼,말차라떼,밀크티,캐모마일,얼그레이,페퍼민트,복숭아아이스티,자두에이드,청자몽에이드",34.9540807,127.4857685
42,48,향토음식,4.59,061-725-0818,왕조가든,전라남도 순천시 왕지로 224,황칠닭,한방오리백숙;60000원. 황칠닭;60000원. 닭백숙;50000원. 닭구이;50000원. 오리전골(대);50000원.,"황칠닭,닭장,한방닭백숙,옻닭,닭볶음,황칠오리,오리한방,옻오리,오리전골,오리구이,오리볶음,오리탕,추어탕,흑염소한마리,삼겹살",34.97788205,127.5435772
43,50,한식,4.85,061-724-9255,회복참옻닭,전라남도 순천시 상대석길 72,옻삼계탕,한방 삼계탕;13000원. 전복 한방 삼계탕;18000원. 왕갈비탕;15000원. 닭볶음탕;30000원. 전복 한방오리백숙;70000원.,"옻삼계탕,전복옻삼계탕,한방삼계탕,전복한방삼계탕,닭장,닭볶음탕,왕갈비탕,전복한방백숙,전복옻백숙,전복한방오리백숙,전복옻오리백숙",34.94966804,127.5258659
44,51,한식,4.61,061-755-5342,엔조이 식당,전라남도 순천시 주암면 동주로2094-1,흑돼지꽃오겹살숯불직화구이,흑돼지 꽃오겹살 숯불직화구이;5000원. 통뼈갈비 김치찌개(대);35000원. 통뼈갈비 김치찌개(중);25000원.,"흑돼지꽃오겹살숯불직화구이,통뼈갈비김치찌개",35.07524727,127.2400792
45,52,한식,4.52,061-722-2811,율촌식당,전라남도 순천시 대석길 22,막회,자연산;30000원. 병어사시미;가격정보없음원. 하모 사시미/유비끼;가격정보없음원. 전어 회/구이;가격정보없음원. 모듬해물;40000원.,"막회,모듬회,자연산,병어사시미,선어,하모사시미,하모유비끼,전어회,전어구이,모듬해물,산낙지,전복,멍게,해삼,굴전,고구마튀김,꼬막전,명태전,생선구이,각종계절회무침",34.94562513,127.5245231
46,53,한식,4.7,061-755-8336,순창국밥,전라남도 순천시 석현길 67,떡국,돈족탕;9000원. 돈족전골;25000원. 신국밥;8000원. 국밥;7000원. 미니족발;13000원.,"떡국,돈족탕,돈족전골,신국밥,국밥,미니족발,수육,순대,옛날순대,매운족발,생삼겹,숯불갈비",34.97408419,127.4746187
47,54,카페,4.54,061-725-4258,카페미욜,전라남도 순천시 하대석길 56,아메리카노,얼그레이;4500원. 루이보스;4500원. 카모마일;4500원. 허니버터브레드;5500원. 크로크무슈;4500원.,"아메리카노,카페라떼,바닐라라떼,헤즐럿라떼,카푸치노,카페모카,화이트카페모카,카라멜마끼아또,아포카토,더홀아우스블랜드,브라질세하드,과테말라안티구아SHB,에티오피아예가체프,인도네시아수마트라만델링,콜롬비아수프리모,퀘냐AA,얼그레이,다즐링,루이보스,카모마일,페퍼민트,라벤더,로즈마리,레몬그라스,고구마라떼,오곡라떼,그린티라떼,홍차라떼,초코라떼,레몬차,자몽차,유자차,모과차,대추차,레몬에이드,블루레몬에이드,자몽에이트,키위에이드,청포도에이드,복숭아아이스티,모카프라푸치노,쿠키프라푸치노,카라멜프라푸치노,그린티프라푸치노,딸기스무디,블루베리스무디,망고스무디,플레인요거트스무디,딸기요거트스무디,블루베리요거트스무디,망고요거트스무디,허니버터브레드,크로크무슈,와플,치즈케익,머핀,허니브레드세트,크로크무슈세트,와플세트,치즈케익세트,머핀세트",34.94723799,127.5250629
48,55,한식,4.52,061-723-6678,단고기촌,전라남도 순천시 대석1길 33,보신탕,보신탕;10000원. 보신수육(대);60000원. 보신수육(소);40000원. 보신전골(대);50000원. 보신전골(소);30000원.,"보신탕,보신수육,보신전골,염소탕,염소수육,염소전골,수육백반,삼계탕,왕갈비탕,볶음밥",34.94738147,127.5231561
49,56,일식,4.56,0507-1363-8910,도모,전라남도 순천시 하대석길 60,모듬사시미,모듬사시미(대);70000원. 모듬사시미(중);50000원. 모듬사시미(소);35000원. 생연어사시미;30000원. 광어사시미;37000원.,"모듬사시미,생연어사시미,1인모듬사시미,광어사시미,반반사시미,참치사시미,물회,전복사시미,소고기탕수,오징어+소고기탕수,돼지고기탕수,크림새우,깐풍기,깐쇼새우,깐풍육,소라관자새우볶음,최짬뽕냄비,나가사키짬뽕탕냄비,도모탕냄비,탄탄미소해물냄비,탄탄미소우삼겹냄비,모듬초밥12p,광어초밥10p,생연어초밥10p,생새우초밥,에비가츠동,에비텐동,스테이크덮밥,사케동,부타동,회돈부리,우삽겹동",34.94748371,127.5250562
50,59,한식,4.56,061-722-9980,참게랑메기랑,전라남도 순천시 대석3길 16-1,메기구이,메기구이+탕(대);50000원. 메기구이+탕(중);40000원. 메기구이+탕(소);30000원. 참게탕(대);50000원. 참게탕(중);40000원.,"메기구이,참게탕,메기탕,뚝배기메기탕",34.94750385,127.5257694
51,60,한식,4.63,061-722-5076,선어마을,전라남도 순천시 연향로 15,민어,민어/삼치/병어 (중);80000원. 민어/삼치/병어 (소);60000원. 모듬(대);90000원. 모듬(중);70000원. 모듬(소);50000원.,"민어,삼치,병어,민어전,닭장한냄비+떡국,돼지고기수육,삼치조림,꼬막,홍어삼합",34.94350408,127.5154117
52,61,한식,4.51,061-744-7103,알선식당,전라남도 순천시 역전광장3길 22,정식,정식;8000원. 야채불백;10000원.,"정식,야채불백",34.94485318,127.5011307
53,63,한식,4.58,061-722-2812,대감집,전라남도 순천시 하대석길 31,쭈꾸미삼겹살새우,쭈꾸미 삼겹살 새우(대);36000원. 쭈꾸미 삼겹살 새우(중);28000원. 골뱅이무침;18000원. 오뎅탕;10000원. 참치마요주먹밥;4000원.,"쭈꾸미삼겹살새우,해물파전,방앗잎부추전,골뱅이무침,바지락조개탕,오뎅탕,참치마요주먹밥,먹태,아귀포,쥐포,황도,볶음밥",34.94517189,127.5246373
54,64,주점,4.58,.,비어테라스,전라남도 순천시 장자보1길 63,골뱅이무침,골뱅이무침+소면;15000원. 닭발볶음;15000원. 야채소세지 닭볶음;15000원. 계란말이;10000원. 모듬소세지와 후라이;15000원.,"골뱅이무침,닭발볶음,야채소세지닭볶음,스팸이소세지를만났네?,계란말이,모듬소세지와후라이,두부김치,김치찌개,부대찌개,어묵탕,라면,새우튀김,감자튀김,돈까스,수제치킨까스,치즈스틱,순살치킨,버팔로윙,튀김퍼레이드,한치,반건조오징어,먹태,촉촉한노가리,과일,황도,생율,나막스",34.94754835,127.5161024
55,65,주점,4.76,061-903-6472,더박스,전라남도 순천시 순천대2길 26,후라이드치킨,후라이드 치킨;16000원. 버팔로윙플레이트;16000원. 칠리새우튀김;15000원.,"후라이드치킨,버팔로윙플레이트,칠리새우튀김",34.96896404,127.4854968
56,66,한식,4.81,061-741-3235,상미집,전라남도 순천시 풍덕8길 3,우삼겹숙주구이,우삼겹숙주구이(한판);45000원. 우삼겹숙주구이(반판);30000원. 급냉대패삼겹살;11000원. 스팸부대찌개;25000원. 대패제육볶음;22000원.,"우삼겹숙주구이,급냉대패삼겹살,스팸부대찌개,대패제육볶음,돼지주물럭,국물떡볶이,오뎅탕,볶음밥,라면,짜파게티,셀프주먹밥,팔도비빔면",34.94369539,127.4945436
57,69,한식,4.71,0507-1431-9316,민속촌,전라남도 순천시 해룡면 매안1길39,토종닭능이백숙,토종닭구이;45000원. 돼지갈비;13000원. 토종닭능이백숙;60000원. 닭볶음탕;50000원. 냉면;5000원.,"토종닭능이백숙,백숙,닭볶음탕,닭구이,돼지갈비,삼겹살,냉면,라면,볶음밥,누룽지,닭죽",34.92926831,127.5530773
58,70,한식,4.51,061-752-7376,성일식당,전라남도 순천시 별미길 5,돌곱창,돌곱창 전골;8000원. 소곱창 전골;13000원. 돼지고기 전골;10000원. 새끼보 전골;10000원. 모둠구이;10000원.,"돌곱창,소곱창,돼지고기,새끼보,모듬구이,막창구이,곱창볶음",34.953801,127.4845015
59,71,일식,4.51,0507-1352-2468,호반참치,전라남도 순천시 율산2길 1,호반참치(정식코스),호반특선 1인(코스);50000원. 호반특선 1인(포장);25000원. 호반참치 1인(코스);35000원. 호반골드 1인(코스);70000원. 호반로얄 1인(코스);100000원.,"호반참치(정식코스),호반특선(정식코스),호반골드(정식코스),호반로얄(정식코스)",34.94128487,127.5268284
60,72,한식,4.68,0507-1332-2021,명궁관,전라남도 순천시 중앙2길 7,명궁상(한정식),수라상;39000원. 용궁상;59000원. 명궁상;89000원. 법성포 보리굴비 정식;25000원. 한우 눈꽃떡갈비 정식;30000원.,"명궁상(한정식),용궁상(한정식),수라상(한정식),홍어사시미,홍어찜,홍어애탕,홍어전,한우육사시미,수제한우떡갈비,소갈비찜,보리굴비,자연산송이버섯,보리새우,새조개,능이버섯탕,세발낙지,낙지탕탕이,법성포굴비정식,한우눈꽃떡갈비",34.94986722,127.486197
61,74,한식,4.69,061-752-3287,딱 여기네,전라남도 순천시 순천대1길 24,제육볶음,제육볶음;12000원. 닭발볶음;10000원. 닭똥집볶음;10000원. 김치찌개;12000원. 오징어볶음;13000원.,"제육볶음,오징어볶음,껍데기볶음,오뎅탕,후라이드치킨,김치전,해물부추전,닭곰탕,닭발볶음,닭똥집볶음,김치찌개",34.96758884,127.4851808
62,76,한식,4.68,061-723-3747,조가네춘천닭갈비&오리,전라남도 순천시 왕궁2길 21,닭갈비,닭갈비;8000원. 치즈닭갈비;9000원. 오리불고기;30000원. 생오리;30000원. 닭장;40000원.,"닭갈비,치즈닭갈비,닭장,오리불고기,생오리,비빔밥,누룽지,메밀비빔막국수,메밀물막국수,메밀전병,참게피리매운탕,김치찌개,백반,정어리쌈밥",34.95408482,127.5332781
63,77,한식,4.53,061-755-8086,로타리국수,전라남도 순천시 강남로 135,잔치국수,잔치국수;4000원. 생소면;5000원. 비빔국수;4500원. 비빔밥;6000원. 라면;3000원.,"잔치국수,생소면,비빔국수,비빔밥,라면,김밥,어묵,계란,열무냉국수,열무비빔국수,냉콩국수",34.95616585,127.4853567
64,78,한식,4.52,061-754-3131,김가네족발,전라남도 순천시 호남길 1,족발,족발(대);34000원. 족발(중);31000원. 족발(소);28000원. 반반(일반+숯불족)(대);36000원. 반반(일반+숯불족)(중);33000원.,"족발,반반(일반+숯불족),숯불족,쟁반국수",34.9569547,127.4838656
65,79,한식,4.52,061-721-9618,정호네감자탕,전라남도 순천시 장자보1길 77,우거지감자탕,우거지 감자탕(대);36000원. 우거지 감자탕(중);30000원. 우거지 감자탕(소);24000원. 뼈+우거지 추가(1인분);9000원. 우거지 추가;3000원.,"우거지감자탕,우거지뼈해장국,우거지해장국",34.94843546,127.5163997
66,80,향토음식,4.67,0507-1400-3256,예진정,전라남도 순천시 해룡면 율촌로146,물회,물회(1인);12000원. 회덮밥(1인);10000원. 장어탕(1인);10000원. 짱뚱어탕(1인);10000원. 활어매운탕(1인);12000원.,"물회,물회냉면,매운탕,짱뚱어탕,장어탕,서대회,회덮밥,물메기탕,대구탕,장어구이,장어주물럭,도다리쑥국",34.88717537,127.5763857
67,81,한식,4.55,061-724-9290,되고되고춘천집닭갈비(중마점),전라남도 순천시 해룡면 매안2길15-10,닭갈비,닭갈비;8000원. 낙지닭갈비;10000원. 치즈닭갈비;9000원. 닭발;7000원. 비빔공비밥;2000원.,"닭갈비,낙지닭갈비,치즈닭갈비,닭발",34.92856328,127.5516966
68,82,중식,4.51,0507-1405-2031,낭만반점 구짬뽕의전설,전라남도 순천시 대석1길 51-25,짜장면,유슬짜장;6000원. 빨간짬뽕;8000원. 하얀짬뽕;8000원. 볶음밥;8000원. 등심탕수육(중);23000원.,"짜장면,유슬짜장,매운유슬짜장,팔보쟁반짜장,빨간짬뽕,하얀짬뽕,매운고추짬뽕,삼선짬뽕,중국식산동냉면,짜장밥,볶음밥,빨간짬뽕밥,하얀짬뽕밥,매운고추짬뽕밥,삼선짬뽕밥,당면잡채밥,고추잡채밥,유산슬밥,해물잡탕밥,등심탕수육,사천탕수육,찹쌀탕수육,라조육,깐풍기,유린기,양장피,유산슬,팔보채,깐쇼새우,중새우,깐풍가지,고추잡채",34.94725411,127.5233558
69,83,일식,4.61,061-722-1977,하나비일식,전라남도 순천시 기적의도서관길 35,자연산활어(코스),정식;40000원. 하나비;50000원. 비지니스;60000원. 특비지니스;70000원. 참치A코스;60000원.,"자연산활어(코스),계절요리(코스),참치(코스),런치정식,굴비정식,새우튀김,생선초밥,복지리,도미지리,전복죽,회덮밥",34.94828156,127.5260489
70,84,한식,4.51,061-722-9090,그집불쭈꾸미,전라남도 순천시 기적의도서관2길 4,행복한쭈꾸미한상,행복한 쭈꾸미 한상(A세트);10000원. 행복한 쭈꾸미 한상(B세트);10000원. 행복한 쭈꾸미 한상(D세트);12000원. 불쭈꾸미한판;25000원. 왕새우튀김;12000원.,"행복한쭈꾸미한상,불쭈꾸미한판,왕새우튀김,도토리전,고르곤피자,불쭈꾸미,만들어먹는주먹밥,치즈돈까스,등심돈까스",34.94708765,127.526837
71,85,양식,4.6,061-753-4343,계림유사가곡점,전라남도 순천시 가곡길 2,반반뼈치킨,후라이드;16000원. 마늘치킨;18000원. 계츠비;17000원. 순살파닭;18000원. 겁나세트;20900원.,"반반뼈치킨,반반순살치킨,계림유사콤보세트,계림유사다리세트,계림유사윙세트,후라이드치킨,양념치킨,칠리피뇨치킨,계츠비치킨,계맵닭,계마닭,직화짬뽕치킨,커리킹,허니버터치킨,허니갈릭치킨,강정치킨,왕갈비치킨,마늘치킨,달콤마늘치킨,바삭후라이드치킨,바삭간장,간장치킨,매운양념치킨,안동찜닭,순살치킨,치킨샐러드,순살파닭,허벌세트,겁나세트,알싸세트,대따세트,실컷세트,열라세트,아따세트,오메세트,긍께세트,웜마세트",34.98036198,127.484239
72,86,한식,4.52,061-723-7666,김밥나라동성점,전라남도 순천시 연향번영길 94,꼬마김밥,꼬마김밥(1인분);4500원. 참치김밥;3500원. 쫄면;5500원. 양푼비빔밥(2인);14000원. 제육덮밥;65000원.,"꼬마김밥,참치김밥,쫄면,양푼비빔밥,제육덮밥,육개장",34.95011008,127.5184467
73,89,한식,4.56,050-7982-4790,남해아구찜,전라남도 순천시 남신월4길 12,아구찜,아구찜(대);40000원. 아구찜(중);30000원. 아구찜(소);25000원. 꽃게해물찜(대);50000원. 꽃게해물찜(중);40000원.,"아구찜,꽃게해물찜,오징어해물찜,대창찜,아낙찜,아구탕,낙지찜",34.95625195,127.5198534
74,91,한식,4.52,0507-1320-0444,해태집,전라남도 순천시 봉화2길 16,급냉삼겹살,급냉삼겹살 180g;12000원. 고추장삼겹살;12000원. 돈차돌;12000원. 백청국장;7000원. 김치찌개;7000원.,"급냉삼겹살,고추장삼겹살,동차돌,백청국장,김치찌개,볶음밥",34.955223,127.5185095
75,92,카페,4.57,010-8966-2358,앙블리,전라남도 순천시 시민로 21,마카롱,아메리카노;3000원. 복숭아아이스티;3000원. 오렌지주스;2500원. 마카롱;2000원. 꼬끄후레이크;3000원.,"마카롱,아메리카노(HOT),아메리카노(ICE),복숭아아이스티,오렌지주스,꼬끄후레이크",34.95165266,127.4859558
76,93,주점,4.6,061-722-5592,불난닭발 순천점,전라남도 순천시 장선배기길 13,뼈있는닭발,뼈있는 닭발;15000원. 뼈없는 닭발;16000원. 닭볶음탕;25000원. 오돌뼈;15000원. 계란찜;3000원.,"뼈있는닭발,뼈없는닭발,닭볶음탕,오돌뼈,닭볶음탕,계란찜,알밥",34.95316727,127.5237094
77,94,한식,4.82,010-9604-7020,정돈,전라남도 순천시 남신월1길 3,오겹살,국내산 오겹살 180g;12000원. 국내산 갈매기살 150g;12000원. 국내산 항정살 150g;12000원. 국내산 가브리살 150g;12000원. 국내산 스페셜 모듬 600g;46000원.,"오겹살,항정상,가브리살,갈매기살,스페셜모듬,고기주먹밥,공기밥,누룽지,라면",34.95476647,127.5188921
78,95,한식,4.65,0507-1345-9736,남흥회관,전라남도 순천시 장명2길 4,한우등심모듬,한우등심(모듬);38000원. 한우갈비살;35000원. 생삼겹;13000원. 돼지양념갈비;15000원. 불백정식한상;17000원.,"한우등심모듬,한우갈비살,한우등심불고기,육회,사시미,생삼겹,돼지양념갈비,불백정식한상,한우곰탕,육회비빔밥,소고기비빔밥,냉면,누룽지",34.95132812,127.4867136
79,96,한식,4.53,061-727-5298,돌판댁오리&돼지,전라남도 순천시 왕궁중앙길 31,생오리,앵오리 양념불고기;10000원. 생삼겹살;11000원. 생목살;11000원. 황칠백숙;55000원. 황칠삼계탕;13000원.,"생오리,양념불고기,생삼겹살,생목살,황칠백숙,황칠삼계탕,볶음밥,누룽지",34.9559672,127.5333411
80,97,주점,4.53,0507-1435-5599,꽃대패집,전라남도 순천시 장평로 29,꽃대패,꽃대패;11000원. 생삼겹살;11000원. 누룽지;2000원. 볶음밥;3000원. 짜파게티;3000원.,"꽃대패,생삼겹,누룽지,볶음밥,짜파게티,라면",34.94243406,127.4935485
81,98,주점,4.55,0507-1445-9900,호미곶닭발,전라남도 순천시 장선배기길 9,무뼈닭발,무뼈닭발;18000원. 통뼈 국물 닭발;18000원. 마늘통닭;18000원. 후라이드;17000원. 양념통닭;18000원.,"무뼈닭발,오돌뼈,닭도리탕,통마늘야채똥집,통마늘양념똥집,오뎅떡볶이,매운마늘통닭,후라이드,가마솥통닭,똥집후라이드,햄볶음김치도시락,주먹밥,날치알주먹밥",34.95303995,127.5232274
82,99,한식,4.71,061-722-5389,한잔해,전라남도 순천시 장선배기길 142,갑오징어무침,갑오징어무침;30000원. 골뱅이무침;25000원. 동태탕;20000원. 제육볶음;20000원. 모듬튀김;20000원.,"갑오징어무침,골뱅이무침,동태탕,알탕,황태해장국,불고기버섯전골,얼큰김치우동,오뎅탕,우동,제육볶음,오리훈제,두부김치,닭발볶음,닭모래집,왕계란말이,모둠튀김,새우튀김,감자튀김,치즈볼,모둠세트,쥐알포,갑오징어,먹태,촉촉노가리,나막스,아귀포,생율,은행,황도",34.95188105,127.5293254
83,100,한식,4.55,061-723-0093,제주흑돼지 김홍돈,전라남도 순천시 봉화2길 38,제주흑돼지,제주 흑돼지 한근(600g) 2인;54000원. 제주 생근고기 한근(600g) 2인;45000원. 목살 추가 400g;36000원. 흑돼지 오겹살(200g);18000원. 제주오겹살 200g;15000원.,"제주흑돼지,흑돼지오겹살,제주생근고기,제주오겹살,생갈비소금구이,제주갈매기살,한우육사시미,한우육회,제주등벼김치찌개,라면,누룽지,냉면,수제소시지",34.95679442,127.5182962
84,101,카페,4.51,061-722-8994,커피빌리지,전라남도 순천시 상대석1길 2-27,클럽샌드위치,클럽샌드위치;6500원. 샐러드;6500원. 아메리카노;3000원. 에스프레소;3000원. 아포카토;4500원.,"클럽샌드위치,샐러드,아메리카노,에스프레소,아포카토,크렌베리닭가슴살샌드위치,에그포테이토샌드위치,치킨텐더샌드위치,에그햄치즈샌드위치",34.94909242,127.5242558
85,102,카페,4.52,061-744-0355,카페르몽드,전라남도 순천시 장천3길 30,치킨데리야끼샌드위치,치킨데리야끼샌드위치;4800원. 치킨스파이시샌드위치;4800원. 베이컨에그샌드위치;4800원. 햄치즈샌드위치;4800원. 불고기어니언샌드위치;4800원.,"치킨데리야끼샌드위치,치킨스파이시샌드위치,베이컨에그샌드위치,햄치즈샌드위치,불고기어니언샌드위치,아메리카노,카페라떼,카푸치노,바닐라라떼,카라멜마끼야또",34.94693029,127.4907541
86,103,한식,4.54,061-721-1225,사회생활,전라남도 순천시 해룡면 신대2길6-59,스테이크갈비,스테이크 갈비;11000원. 오돌갈비;12000원. 생 소갈비살;14000원. 생 삼겹살;12000원. LA갈비;18000원.,"스테이크갈비,생소갈비살,양념소갈비살,LA갈비,오돌갈비,생삼겹살,갈매기살,생돼지막창,수제소세지,차돌박이된장찌개,물냉면,비빔냉면,추억의도시락,해장라면,된장찌개",34.93533228,127.5484521
87,105,한식,4.51,061-751-7221,장어랑아구랑,전라남도 순천시 중앙로 327,아구찜,아구찜(탕) 小;20000원.아구찜(탕) 中;30000원.아구찜(탕) 大;40000원.동태탕 小;15000원.동태탕 中;20000원.동태탕 大;25000원.,"아구찜,동태탕,통장어탕,우거지탕,장어구이",34.97464909,127.4819203
88,106,한식,4.64,061-722-9202,지글촌닭갈비조례점,전라남도 순천시 봉화2길 78,지글촌닭갈비,지글촌닭갈비;9000원.지글촌닭갈비매운맛;9000원.,"지글촌닭갈비,지글촌닭갈비매운맛",34.95994815,127.5186275
89,107,한식,4.56,061-753-0333,춘천마쪼은닭갈비,전라남도 순천시 삼산2길 29,닭갈비,닭갈비;9000원.,"닭갈비, 볶음밥",34.96892238,127.4862383
90,108,한식,4.59,061-727-5553,현빈네3호점,전라남도 순천시 봉화로 233,돈족탕,돈족탕;17000원.머리고기수육;15000원.삼겹살수육;15000원.국밥;6000원.해물부추전;8000원.치즈해물부추전;10000원.명태살전;8000원.고추전;8000원.김치전;8000원.해물파전;8000원.버섯전;8000원해물동그랑떙;8000원.쭈꾸미볶음;25000원.삼합;25000원.홍어;20000원.가오리찜;15000원.명태찜;15000원.닭발;10000원.고갈비;6000원.똥집;8000원.두부김치;15000원.,"돈족탕,머리고기수육,삼겹살수육,국밥,해물부추전,치즈해물부추전,명태살전,고추전,김치전,해물파전,버섯전,해물동그랑떙,쭈꾸미볶음,삼합,홍어,가오리찜,명태찜,닭발,고갈비,똥집,두부김치",34.95839092,127.5153995
91,109,한식,4.66,.,낭낭오리집 조례점,전라남도 순천시 봉화로 262,오리불고기,오리불고기;23000원. 생오리;23000원. 오리훈제;27000원. 셋트(훈제+불고기or생오리);39000원.대패삼겹살;10000원.생삼겹살;11000원.,"오리불고기, 생오리, 오리훈제, 셋트(훈제+불고기or생오리),대패삼겹살,대패콩불고기,대패삼겹살,삼겹살",34.95780883,127.5186729
92,110,카페,4.67,0507-1371-9135,꾸꾸카페,전라남도 순천시 북정4길 63,아메리카노,아메리카노;3000원.카페라떼;3500원.바닐라/헤이즐넛/아인슈페너/카페 모카/카라멜 라떼;4500원. 연유 카페라떼;4500원.퐁당 초코숲(녹차+우유+샷+초코아이스크림);12000원.,"아메리카노,카페라떼,바닐라 라떼,헤이즐넛 커피, 카페 모카, 카라멜 마끼야토, 카페 밀크티, 퐁당 초코숲(녹차+우유+샷+초코아이스크림),아포가토,녹차라떼, 밀크티 라떼, 초코 라떼, 캐모마일, 얼그레이, 페퍼민트, 히비스커스 블러썸, 복숭아 아이스티, 오미자 ICE/ADE, 토마토 주스, 애플민트 티, 눈꽃빙수, 밀크티 빙수, 녹차 빙수, 사과 주스, 포도 주스, 레몬청 HOT/ICE/ADE, 커피 퐁퐁, 딸기 요거트, 블루베리 요거트, 브라우니 & 아이스크림, 크로크 무슈, 허니 브레드",34.96603596,127.4802702
93,111,향토음식,4.65,0507-1338-5233,밥꽃이야기 들마루,전라남도 순천시 순천만길 496,꼬막정식,꼬막정식;19000원. 꼬막꽃게장 정식;24000원.꼬막 한돈떡갈비 정식;24000원.꼬막장비빔밥;12000원.순천짱뚱어탕;12000원.,"꼬막정식, 꼬막꽃게장 정식, 꼬막 한돈떡갈비 정식, 꼬막장비빔밥, 밥꽃단짝정식, 순천짱뚱어탕",34.88746858,127.5075936
94,112,한식,4.62,0507-1315-4124,괴목국밥,전라남도 순천시 북문길 40,국밥,국밥;7000원.순대국밥;7000원.수육(소);10000원.수육(중);15000원.수육(대);20000원.,"국밥, 순대국밥, 수육(소,중,대)",34.95899172,127.4850475
95,113,한식,4.55,.,지리산순한한우명품관 순천만점,전라남도 순천시 순천만길 67,소고기,소고기;변동.한우국밥;7000원.수육곰탕;7000원.한우불고기전골;9000원.한우명품떡갈비;9000원.,"소고기, 한우국밥, 수유곰탕, 한우불고기전골, 한우명품떡갈비",34.9229416,127.4969639
96,114,한식,4.53,061-726-0536,나눌터,전라남도 순천시 팔마1길 4,도토리온묵밥,도토리온묵밥;9000원.도토리냉묵밥;9000원.도토리묵비빔밥;9000원.도토리냉면;9000원.도토리임자탕;10000원.도토리탕수;17000원.표고버섯탕수;27000원.도토리묵무침;17000원.,"도토리온묵밥, 도토리냉묵밥, 도토리묵비빔밥, 도토리냉면, 도토리임자탕, 도토리토속전, 도토리탕수, 표고버섯탕수, 도토리묵무침, 도토리쟁반국수, 도토리묵보쌈, 도토리 쟁반국수 셋트(임자탕) (2,4인분), 표고버섯 탕수 셋트(임자탕) (2,4인분),  흑임자탕, 표고버섯강정, 표고버섯강정셋트(임자탕) (2인분), 도토리 튀김전병, 도토리묵보쌈셋트(임자탕) (3인분)",34.93258853,127.5140492
97,115,카페,4.91,0507-1341-8168,카페구름,전라남도 순천시 중앙로 129,크로핀,"크로핀;4800원.카야잼버터크로와상;5000원.아메리카노;3000원.카페라떼;3500원.라떼(바닐라, 헤이즐넛, 연유);4000원.","크로핀,카야잼버터크로와상,아메리카노,카페라떼,라떼(바닐라, 헤이즐넛, 연유),카페모카,카라멜마끼야또,수제에이드(자두,백향과,자몽,블루베리레몬,레몬,청귤),구름 스무디,브라운치즈크로플,피넛버터슈페너",34.95721737,127.4837807
98,117,한식,4.55,0507-1337-4617,일품대패삼겹살,전라남도 순천시 봉화로 262,흑돼지대패,흑돼지대패;2900원.우삼겹;3500원.숙성삼겹살;5900원.파절이대패;3900원. 간장대패;3900원.,"흑돼지대패, 우삼겹, 숙성삼겹살, 파절이대패, 간장대패",34.95780883,127.5186729
99,118,양식,4.53,0507-1338-8293,피자나라치킨공주 순천대점,전라남도 순천시 중앙로 303-3,맵고마 피치세트)맵고마치킨+콤비네이션 피자+콜라),"맵고마 피치세트)맵고마치킨+콤비네이션 피자+콜라);23900원.순살화이트어니언 피치세트(순살화이트어니언치킨, 콤비네이션피자,콜라);24900원.피치세트(콤비네이션피자+후라이드치킨+콜라);20900원.치즈크리스피 피치세트(치즈크리스피치킨+콤비네이션피자+콜라);22900원.트리플바비큐 피치세트(트리플바비큐피자+후라이드치킨+콜라);23900원.","맵고마 피치세트)맵고마치킨+콤비네이션 피자+콜라), 순살화이트어니언 피치세트(순살화이트어니언치킨, 콤비네이션피자,콜라),피치세트(콤비네이션피자+후라이드치킨+콜라),치즈크리스피 피치세트(치즈크리스피치킨+콤비네이션피자+콜라),트리플바비큐 피치세트(트리플바비큐피자+후라이드치킨+콜라),골드치즈볼 피치세트(골드치즈볼피자+후라이드치킨+콜라),더블포테이토 피치세트(더블포테이토피자+후라이드치킨+치킨),핫마요피치세트(핫리치피자+후라이드치킨+콜라),통새우불고기 피치세트(통새우불고기피자+후라이드치킨+콜라),치즈피치세트(치즈피자,후라이드치킨+피자),페퍼로니 피치세트(페퍼로니피자+후라이드치킨+콜라),스위트불고기 피치세트(스위트불고기피자+후라이드치킨+콜라),고구마피치세트(고구마피자+후라이드치킨+콜라),허니갈릭피치세트(허니갈릭치킨+콤비네이션피자+콜라),순살쉬림프골드피치세트(순살쉬림프골드치킨+콤비네이션+콜라),순살(닭다리살)피치세트(콤비네이션피자+순살닭다리치킨+스위트칠리소스,콜라),페퍼간장피치세트(페퍼간장치킨+콤비네이션피자+콜라),스윗콤보피치세트(스윗콤보치킨+콤비네이션피자+콜라),고추깐풍치킨 피치세트,피치구운치킨피치세트(피치구운치킨[오리지널/갈비구이/불닭구이 중 택 1]+콤비네이션피자+콜라),갈릭스테이크 피치세트,오리엔탈피치세트(오리엔탈치킨+콤비네이션피자+콜라),통새우불고기피자,골드치츠볼피자,콤비네이션피자,트리플바비큐피자,스위트불고기피자,더블포테이토피자,페포로니피자,치즈피자,핫마요피자,고구마피자,갈릭스테이크피자,순살화이트어니언치킨,스윗콤보치킨,페퍼간장치킨,후라이드치킨,양념치킨,치즈크리스피치킨,허니갈릭치킨,순살쉬림프골드치킨,순살닭다리치킨,맵고마치킨,고추깐풍치킨,구운치킨)오리지날/갈비/불닭)오리엔탈치킨,페퍼로니스파게티,크런치즈볼,리얼웨지 버터갈릭,리얼워지 콘스프",34.97241161,127.4820913
100,119,향토음식,4.71,061-754-5202,와촌,전라남도 순천시 승주읍 승주로751-1,닭장,닭장;45000원.토종닭백숙;45000원.닭도리탕;45000원.옻닭;50000원.능이닭장;55000원.오리탕;40000원.,"닭장,토종닭백숙,닭도리탕,옻닭,능이닭장,오리탕,대구뽈찜,대구탕,추어탕",35.01456538,127.3920075
101,120,한식,4.69,061-723-6999,태향물회,전라남도 순천시 대석초등길 48,한치물회,한치물회;20000원.오징어물회;15000원.해삼물회;15000원.기본물회;10000원.,"한치물회,오징어물회,해삼물회,기본물회,비빔냉면,물냉면,감자만두,왕만두",34.94461181,127.5241976
102,121,주점,4.53,0507-1411-9952,차박사얼큰이,전라남도 순천시 해룡면 신대로97,얼큰이닭날개,얼큰이닭날개;9000원.얼큰이뼈없는닭발;9000원.얼큰이뼈있는닭발;9000원.영계통닭;6000원.순살치킨;9000원.,"얼큰이닭날개,얼큰이뼈없는닭발,얼큰이뼈있는닭발,영계통닭,잡채오뎅,순살치킨,간장마늘치킨,닭불갈비,닭똥집튀김",34.93128376,127.547556
103,122,한식,4.57,061-721-5697,콩시울,전라남도 순천시 팔마2길 136,전주콩나물국밥,전주콩나물국밥;6000원.해물콩나물국밥;8000원.제육뚝배기;9000원.굴국밥;8000원.굴떡국;8000원.,"전주콩나물국밥,해물콩나물국밥,제육뚝배기,굴국밥,굴떡국,서리태콩국수",34.93336173,127.5144551
104,123,한식,4.53,061-742-0103,청회수산,전라남도 순천시 별량면 일출길191,왕새우 소금구이,왕새우 소금구이;39900원.칼국수;5000원.간장새우덮밥;5000원.,"왕새우 소금구이,칼국수,간장새우덮밥",34.86324572,127.4881822
105,124,한식,4.67,0507-1361-9898,콩시루 연향점,전라남도 순천시 연향1로 10,콩나물국밥(얼큰,"콩나물국밥(얼큰,담백);7000원.돼지콩나물국밥;8000원.매생이굴국밥;8000원.김치찜골;11000원.김치등뼈찜11000원.","콩나물국밥(얼큰,담백),돼지콩나물국밥,매생이굴국밥,김치찜골,김치등뼈찜,콩국수",34.94474057,127.5154113
106,125,한식,4.69,061-741-1126,김여사의오감만족,전라남도 순천시 봉화로 235,육전,육전;20000원.낙지볶음;40000원.꽃게탕;40000원.갈치조림;40000원.해물파전;20000원.,"육전,낙지볶음,꽃게탕,갈치조림,해물파전,쭈삼볶음,병어회,낙지회무침,갑오징어회무침,낙지탕탕이,연포탕,병어조림,쭈꾸미회무침,계란말이,매운닭발볶음,제육볶음,갈치구이",34.95841675,127.5157951
107,126,한식,4.56,061-727-4767,떡볶이삼촌,전라남도 순천시 해룡면 신대로97,떡볶이(쌀떡),"떡볶이(쌀떡);4000원.찰순대;4000원.수제튀김모듬;3500원.부산오뎅;2000원.패밀리세트(떡볶이,순대,오뎅,튀김);13500원.","떡볶이(쌀떡),찰순대,수제튀김모듬,부산오뎅,패밀리세트(떡볶이,순대,오뎅,튀김),떡순이,떡튀범벅,김말이,고구마튀김,오징어튀김,새우튀김,계란튀김,만두튀김,소떡소떡,옛날핫도그,닭꼬치,치즈스틱,콜팝",34.93128376,127.547556
108,127,한식,4.51,061-727-2334,삼식이,전라남도 순천시 봉화2길 19,낙지볶음,꽃게탕;40000원.꽃게찜;40000원.장어구이;30000원.금풍생이;30000원.닭도리탕;30000원.명태찜;25000원.,"낙지볶음,꽃게탕,꽃게찜,장어구이,금풍생이,닭도리탕,명태찜,닭발구이,전어구이,매운탕,가오리찜,전어회무침,조기구이,소라,꼬막",34.95546095,127.5180331
109,128,한식,4.59,0507-1314-6948,옥천귀뚜라미,전라남도 순천시 저전1길 19,동파육 덮밥,동파육 덮밥;9000원.돌문어 빠쉐;15000원.전복장 비빔밥;13000원.매실육회비빔밥;11000원.명란아보카도 비빔밥;11000원.,"동파육 덮밥,돌문어 빠쉐,전복장 비빔밥, 매실육회비빔밥,명란아보카도 비빔밥",34.95222254,127.4816582
110,129,카페,4.86,0507-1321-1350,오브더데이,전라남도 순천시 연향번영2길 12,베이컨콘치즈파니니,베이컨콘치즈파니니;7500원.아메리카노;3500원.카페라뗴;4000원.시크라떼;5000원.,"베이컨콘치즈파니니,아메리카노,카페라뗴,시크라떼,아인슈페너,패션후르츠에이드,딸기요거트볼,딸기라떼,자몽에이드,초코라떼/녹차라떼,더치큐브라떼,아포카토,브라우니,생크림와플,크로플",34.94540765,127.5170432
111,130,주점,4.53,061-900-9660,숯불에 구운 닭발,전라남도 순천시 삼산로 84,모듬1(마늘닭발,"모듬1(마늘닭발,양념닭발,똥집);13000원.모듬2(마늘닭발,문어,똥집);13000원.마늘닭발;7000원.양념닭발;7000원.매운닭발;7000원.똥집;7000원.","모듬1(마늘닭발,양념닭발,똥집),모듬2(마늘닭발,문어,똥집),마늘닭발,양념닭발,매운닭발,똥집,마늘오징어,돼지껍데기,마늘가브리살,닭순살구이,삼겹살,목살,마늘돼지갈비",34.97235977,127.4925656
112,132,한식,4.58,0507-1389-3341,남녘들밥상,전라남도 순천시 하풍동길 21,순천식 꼬막정식,순천식 꼬막정식;20000원. 순천식 석쇠 불고기 한상;48000원.남녘들 철판;16000원.쭈꾸미 한상;16000원.,"순천식 꼬막정식, 순천식 석쇠 불고기 한상,남녘들 철판 쭈꾸미 한상, 남녘들 코다리조림 한상, 남녘들 해물 돼지갈비찜 한상, 남녘들 영광 보리굴비 한상, 석쇠 불고기(2인)+보리굴비(1마링),철판 쭈꾸미(2인)+보리굴비(1마리),코다리조림(2인)+보리굴비(1마리)",34.94040627,127.5067956
113,133,카페,4.66,0507-1387-0604,아스타 시엠쁘레,전라남도 순천시 장자보1길 97,에스프레소,에스프레소;4500원.핸드드립;7000원.바이오린 블랜드두;22000원.카푸치노/ICED 카페라떼;5000원.이탈리안 티라미수;7000원.,"에스프레소,핸드드립,바이오린 블랜드 원두,카푸치노/ICED 카페라떼,아메리카노,바닐라 빈 라떼,아포가토,콜드브루,핸드드립, 에티오피아 원두, 콜롬비아 원두,SWP 디카페인 원두, 케냐원두",34.94955574,127.5167614
114,135,양식,4.74,061-755-9244,W두마리치킨 북부점,전라남도 순천시 북정2길 16,후라이드 치킨,후라이드 치킨;12500원.양념소스 치킨;13000원.간장양념 치킨;13000원. 매운강장 치킨;14000원.매운양념 치킨;13000원.,"후라이드 치킨, 양념소스 치킨, 간장양념 치킨, 매운강장 치킨, 매운양념 치킨",34.96367388,127.4836246
115,136,카페,4.9,0507-1305-0649,카페드마망,전라남도 순천시 팔마2길 150,에스프레소,에스프레소;3000원.아메리카노;3500원.헤이즐넛;4000원.아포가토;5500원.핸드드립;5000원.,"에스프레소,아메리카노,헤이즐넛,아포가토,핸드드립,카페라떼,헤이즐넛/바닐라/그린티/초코/밀크티 라떼,고구마라떼,리얼청포도라떼,카페모카,카라멜마끼아토,핫초코",34.93329079,127.5142266
116,137,한식,4.56,061-723-7222,고야참숯구이전문점,전라남도 순천시 기적의도서관길 3,꽃등심,꽃등심;28000원.갈비살;28000원.살치살;30000원.광양불고기;18000원.LA갈비;13000원.육회;25000원.,"꽃등심,갈비살,살치살,광양불고기,LA갈비,육회,스페셜모듬,갈매기살,항정살,가브리살,수제생갈비,생삼겹살,수제양념돼지갈비",34.94823703,127.523261
117,138,한식,4.54,061-727-9228,깨복쟁이원조막창,전라남도 순천시 팔마2길 83,막창구이,막창구이;9000원.닭곱창구이;12000원.해물부추전;10000원.갈매기살;11000원.가브리살;11000원.,"막창구이,닭곱창구이,해물부추전,갈매기살,가브리살,오겹살,매콤오돌뼈,매콤돼지껍데기,매콤오껍볶음,닭볶음탕,김치찌개,제육볶음,뼈없는 매운닭발,뼈있는 매운 닭발,닭똥집볶음",34.93342912,127.5163385
118,139,한식,4.68,0507-1387-9955,소소한생각,전라남도 순천시 남신월1길 3,안심 모둠,안심 모둠;74000원.채끝모둠;76000원.안심;39000원.채끝등심;42000원.살치살;30000원.갈비살;22000원.,"안심 모둠,채끝모둠,안심,채끝등심,살치살,갈비살,육사시미 삼합",34.95476647,127.5188921
119,141,일식,4.69,0507-1400-5543,새벽회 순천점,전라남도 순천시 연향1로 62,광어,광어;19000원.우럭;19000원.연어;22000원.숭어;25000원.참돔;32000원.,"광어,우럭,연어,숭어,참돔,모듬회,물회,활어초밥,연어초밥,해산물셋트,해삼,개불,멍게,산낙지",34.94326068,127.5220022
120,142,카페,4.63,010-4015-5778,은성길에서,전라남도 순천시 장자보3길 66,아메리카노,아메리카노;2500원.한우불고기 샌드위치;6500원.크렌베리 닭안심 샌드위치;5000원.크래미 샌드위치;5000원.레몬청;3500원.,"아메리카노,더치커피,한우불고기 샌드위치,크렌베리 닭안심 샌드위치, 크래미 샌드위치,레몬청,자몽청,복분자청,대추차,매실차,식혜,비트차,발아현미차,도라지정과",34.94936882,127.5160303
121,143,한식,4.65,061-745-8722,정죽,전라남도 순천시 장선배기길 105,팥칼국수,팥칼국수;8000원.전복죽;15000원.통영버섯굴죽;9000원.단호박죽;8000원.정비빔밥;7500원.매운낙지비빔밥;8000원.,"팥칼국수,전복죽,통영버섯굴죽,단호박죽,정비빔밥,매운낙지비빔밥",34.95143784,127.5300673
122,144,주점,4.55,061-727-8292,이조곱창막창,전라남도 순천시 장자보1길 93,곱창전골,곱창전골;8000원.모듬전골;10000원.모듬구이;10000원.뒷고기;10000원.대패삼겹;10000원.막창구이;10000원.,"곱창전골,모듬전골,모듬구이,뒷고기,대패삼겹,막창구이",34.94933825,127.5166956
123,145,주점,4.73,0507-1324-0622,텐더,전라남도 순천시 봉화2길 8,카스 생,"카스 생;5000원.호가든 생;7000원.기네스 생;10000원.샹그리아;30000원.감바스삐깐떼;18000원,에이징스시;18000원.","카스 생,호가든 생,기네스 생,샹그리아,감바스삐깐떼,피쉬앤칩스,또띠아롤,에이징스시,퀘사디아,갈릭버터쉬림프,모듬 소시지,고르곤졸라,감베로니,모듬마른안주,모듬과일,까나페,프렌치프라이,멕시칸윙 포테이트,치즈 & 초콜릿",34.95468877,127.5187181
124,146,한식,4.73,0507-1322-6573,토닥토닭,전라남도 순천시 하인제길 50,숯불양념구이,숯불양념구이;40000원.닭백숙;40000원.숯불소금구이;40000원.옻닭백숙;45000원.닭장;40000원.닭볶음탕;40000원.닭발;16000원.,"숯불양념구이,닭백숙,숯불소금구이,옻닭백숙,닭장,닭볶음탕,닭발,닭똥집,닭목살,닭죽",34.94354771,127.4932856
125,147,한식,4.71,061-752-8898,강촌용당점,전라남도 순천시 삼산로 73,숯불토종닭구이,숯불토종닭구이;35000원.마늘양념닭구이;35000원.닭장;38000원.백숙;38000원.생목살;10000원.생삼겹살;10000원.,"숯불토종닭구이,마늘양념닭구이,닭장,백숙,5대소금생갈비,5대양념생갈비,생목살,생삼겹살",34.97223903,127.4913483
126,149,한식,4.59,061-742-4592,순천만왕새우직판장,전라남도 순천시 별량면 우산외동길10,소금구이,소금구이;39000원.냉동새우;25000원.새우장;45000원.,"소금구이,냉동새우,새우장",34.88537614,127.46911
127,150,카페,4.61,070-7594-7694,cafe312,전라남도 순천시 율전2길 108,에스프레소,"에스프레소;3500원.아메리카노;3500원.카페라떼(헤이즐넛,바닐라);4000원.카푸치노;4000원.카페모카;4000원.아포카토;5000원.달고나 라떼;5000원.","에스프레소,아메리카노,카페라떼(헤이즐넛,바닐라),카푸치노,카페모카,캐러멜마키아또,콜드브루,콜드브루라떼,아포카토,인디언카푸치노(정일우커피),달고나 라떼,아인슈페너(비엔나),콜드브루 아인슈페너",34.95146407,127.4972517
128,151,일식,4.54,0507-1322-9656,고엔,전라남도 순천시 대석3길 12-7,모듬회,모듬회(소);35000원.모듬회(중);45000원.모듬회(대);55000원.광어회;35000원.참돔회;55000원.,"모듬회,광어회,참돔회,연어회,참치회,해산물 모듬,활어초밥,연어초밥,새우초밥,참치초밥,장어초밥,소고기초밥,모듬초밥,회덮밥",34.94711035,127.5260991
129,152,한식,4.52,061-722-2255,형제족발,전라남도 순천시 장선배기1길 26,족발,전족(소);20000원.전족(중);32000원.전족(대);42000원.보쌈(중);30000원.보쌈(대);40000원.,"족발,보쌈,비빔냉면,물냉면",34.95418067,127.5231751
130,153,향토음식,4.53,061-755-2928,남도사또밥상,전라남도 순천시 낙안면 삼일로69,사또정식(꼬막정식+짱뚱어탕),사또정식(꼬막정식+짱뚱어탕);20000원.꼬막정식(꼬막정식+된장국);17000원.백반정식;13000원.꼬막비빔밥;10000원.짱뚱어탕;10000원.,"사또정식(꼬막정식+짱뚱어탕),꼬막정식(꼬막정식+된장국),백반정식,꼬막비빔밥,짱뚱어탕,",34.90471145,127.3438023
131,154,한식,4.53,0507-1349-8789,목화옛날삼겹살,전라남도 순천시 대석3길 50-15,옛날삼겹살,옛날삼겹살;10000원.,옛날삼겹살,34.94686689,127.5260211
132,155,한식,4.59,061-722-1541,순희 뒷고기,전라남도 순천시 장선배기1길 20,뒷고기 모듬한판,뒷고기 모듬한판;23000원.,뒷고기 모듬한판,34.95390124,127.5225965
133,156,한식,4.54,061-726-0112,나담생고기 탕,전라남도 순천시 해룡면 매안2길22-5,한우차돌박이,한우차돌박이;12000원.항정살;11000원.생삼겹;11000원.대패삼겹;8000원.오리불고기;35000원.제육볶음;10000원.,"한우차돌박이,항정살,생삼겹,대패삼겹,오리불고기,제육볶음,쭈꾸미볶음,삼계탕,조기탕,묵은지김치찌개,불고기,동태탕,냉면",34.92869344,127.5530722
134,157,한식,4.63,061-745-2122,연지네 동태랑이랑 삼계탕이랑,전라남도 순천시 장평로 40,닭한마리 통마늘 삼계탕,닭한마리 통마늘 삼계탕;8000원.양푼이 동태 섞어탕;7500원.,"닭한마리 통마늘 삼계탕, 양푼이 동태 섞어탕",34.94326939,127.4942602
135,158,한식,4.59,.,돈삼이 순대점,전라남도 순천시 석현동 142-4,돈도끼,돈도끼;11000원.삼겹살;11000원.목살;11000원.돈삼이초밥;15000원.,"돈도끼,삼겹살,목살,돈삼이초밥",34.97039829,127.4865564
136,159,한식,4.54,061-742-0884,노디목,전라남도 순천시 상사호길 319,점심백반,점심백반;9000원.찌개백반;9000원.김치찌개;9000원.두부치기쌈밥;20000원.삼겹살;12000원.닭백숙;50000원.,"점심백반,찌개백반,김치찌개,두부치기쌈밥,돼지모듬구이,삼겹살,닭백숙,닭도리탕,수육,참게민물매운탕",34.93945093,127.4540614
137,160,한식,4.55,061-727-3460,솔밭곱창 금당점,전라남도 순천시 조례못등2길 3-16,곱창전골,곱창전골;8000원.새끼보전골;12000원.돼지고기전골;11000원.막창구이;10000원.새끼보구이;12000원.,"곱창전골,새끼보전골,돼지고기전골,막창구이,새끼보구이,매운곱창볶음,매운순대곱창볶음",34.95164111,127.5285129
138,161,양식,4.73,0507-1426-0528,에너지버거그릴,전라남도 순천시 순천대1길 6,에너지버거,에너지버거;4000원.트리플 에너지 버거;8000원.더블N더블 에너지 버거;6300원.치즈 에너지 버거;4300원.베이컨 치즈 에너지 버거;5300원.,"에너지버거,트리플 에너지 버거,더블N더블 에너지 버거,치즈 에너지 버거,베이컨 치즈 에너지 버거,해쉬&비프 에너지 버거,에너지 쉬림프 버거",34.96790442,127.4849089
139,162,양식,4.53,0507-1318-2743,순천브루어리,전라남도 순천시 영동길 48,순천특별시,순천특별시;6900원.와온;6900원.순천만;6900원.월등;8000원.낙안;6500원.흑두루미;6500원.순천브루어리 버거;7500원.,"순천특별시,와온,순천만,월등,낙안읍성,흑두루미,순천브루어리 버거,순천브루어리 치즈버거,순천 플래터,그릴드 플래터,햄치즈 플래터",34.9569973,127.4816086
140,164,한식,4.85,0507-1437-9502,순천만 다락원,전라남도 순천시 순천만길 225-4,삼겹바베큐쌈밥,삼겹바베큐쌈밥;11000원.이베리코흑돼지셋트;60000원.,"삼겹바베큐쌈밥,이베리코흑돼지셋트",34.90984922,127.5046147
141,165,카페,4.56,061-755-2091,브앤디아,전라남도 순천시 삼산로 92-45,베이글(딸기,"베이글(딸기,망고,블루베리,자몽,키위,깔라만시);7500원.크림치즈;6500원.조각케익;8000원.팥빙수;9000원.망고빙수;11000원.베리빙수;11000원.오레오빙수;11000원.녹차빙수;11000원.","베이글(딸기,망고,블루베리,자몽,키위,깔라만시),크림치즈,조각케익,B.L.T샌드위치,소보루 샌드위치,고르곤졸라피자,허니 갈릭 브레드,팥빙수,망고빙수,베리빙수,오레오빙수,녹차빙수",34.97139832,127.4942343
142,166,한식,4.75,061-755-5661,옥이네팥죽,전라남도 순천시 서문성터길 29,팥칼국수,팥칼국수;7000원.동지죽;8000원.콩죽;7000원.들깨칼국수;7000원.비빔밥;7000원.,"팥칼국수,동지죽,콩죽,들깨칼국수,비빔밥",34.95463118,127.4809068
143,167,한식,4.56,0507-1405-1638,양은냄비,전라남도 순천시 왕지2길 5,양푼매콤갈비찜,양푼매콤갈비찜(소);25000원.양푼매콤갈비찜(중);35000원.양푼매콤갈비찜(대);45000원.닭볶음탕(소);25000원.닭볶음탕(중);35000원.닭볶음탕(대);45000원.,"양푼매콤갈비찜,닭볶음탕,양푼찜닭",34.96931995,127.5233169
144,168,한식,4.63,061-751-5115,봉구스밥버거 중앙점,전라남도 순천시 연자로 5,몬스터봉구,몬스터봉구;5500원.봉구킹;5000원.봉구퀸;5000원.햄치즈;3500원.치즈치킨마요;4000원.에그김치제육;4100원.,"몬스터봉구,봉구킹,봉구퀸,햄치즈,치즈치킨마요,에그김치제육,",34.95514121,127.4847661
145,169,한식,4.63,.,조선생,전라남도 순천시 유동1길 29-32,사케,사케;5500원.와규(살치살);35000원.차돌박이버섯전골;30000원.스지오뎅탕;25000원.바지락탕;20000원.한우육사시미;25000원.한우육회;35000원.,"사케,와규(살치살),차돌박이버섯전골,스지오뎅탕,바지락탕,한우육사시미,한우육회",34.95561319,127.5178469
146,170,일식,4.54,061-727-8255,라이스스토리 순천점,전라남도 순천시 연향중앙상가길 18,사천해물볶음면,사천해물볶음면;7500원.미고랭;7500원.가츠동;5900원.,"사천해물볶음면,미고랭,가츠동",34.95196873,127.5192521
147,171,카페,4.52,061-754-6776,아띠,전라남도 순천시 봉화로 40,아메리카노,팥빙수;9000원.녹차빙수;9000원.믹스베리빙수;8000원.망고와홍시빙수;8000원.유자차;4500원.,"아메리카노,에스프레스 마끼아또,카페라떼,카푸치노,모카치노,카라멜마끼아또,카페모카,카라멜 모카,커피밀크쉐이크,수제레몬차,캐모마일,페퍼민트",34.95599871,127.4945934
148,172,향토음식,4.64,0507-1359-3262,최대감벌교꼬막,전라남도 순천시 낙안면 삼일로63,대감정식(짱뚱어탕 포함),대감정식(짱뚱어탕 포함);20000원.꼬막정식;17000원.백반정식(꼬막초무침);13000원.꼬막비빔밥;10000원.,"대감정식(짱뚱어탕 포함),꼬막정식,백반정식(꼬막초무침),꼬막비빔밥",34.90494924,127.3437286
149,173,한식,4.68,061-755-0092,옛날꿀꿀이숯불촌,전라남도 순천시 순천대1길 38,통돼지갈비,통돼지갈비;7500원.,통돼지갈비,34.96806446,127.4855038
150,174,향토음식,4.52,0507-1489-2112,순천만전라도밥상,전라남도 순천시 순천만길 496-1,순천만 특정식(짱뚱어탕,"순천만 특정식(짱뚱어탕,꼬막회무침,코다리조림);20000원.순천만 꼬막정식(꼬막회정식,된장찌개);18000원.게장정식;16000원.갈치조림;16000원.짱뚱어탕;11000원.꼬막비빔밥;11000원.어린이돈가스;8000원.꼬막회무침;20000원.","순천만 특정식(짱뚱어탕,꼬막회무침,코다리조림),순천만 꼬막정식(꼬막회정식,된장찌개),게장정식,갈치조림,짱뚱어탕,또막비빔밥,어린이돈가스,꼬막회무침,꼬막치즈떡갈비",34.88734682,127.5078685
151,175,한식,4.6,061-727-7766,니도반할족발,전라남도 순천시 팔마4길 23,니도반할족발,니도반할족발(소);27000원.니도반할족발(중);33000원.니도반할족발(대);38000원.맛있게 매운 족발(소);27000원.맛있게 매운 족발(중);33000원.맛있게 매운 족발(대);38000원.,"니도반할족발,족발,맛있게 매운 족발,해파리 냉체족발,반족반쪽",34.93406827,127.515811
152,176,한식,4.52,061-746-5292,정원가든,전라남도 순천시 장자보1길 50,오리불고기,오리불고기;8000원.오리탕;8000원.오리목살;10000원.생삼겹살;10000원.훈제오리 한마리;50000원.생오리 한마리;43000원.오리전골;50000원.,"오리불고기,오리탕,오리목살,생삼겹살,훈제오리 한마리,생오리 한마리,오리전골",34.94552055,127.5156989
153,177,중식,4.55,061-723-5754,뽕생뽕사,전라남도 순천시 해룡면 매안2길11-11,신뽕,신뽕;7900원.백뽕;7900원.짜장뽕;7900원.카레뽕;7900원.볶음뽕;7900원.크림뽕;9000원.토마토뽕;9000원.로제뽕;9500원.,"신뽕,백뽕,짜장뽕,카레뽕,볶음뽕,볶음뽕,크림뽕,토마토뽕,로제뽕,순두부신뽕밥,게살덮밥,짜장덮밥,카레덮밥,고구마피자,고르곤졸라피자,탕수육",34.92799202,127.5512734
154,178,한식,4.52,010-2979-2997,본전육회집,전라남도 순천시 환선로 173,육회,육회한사라(소);18000원.육회한사라(대);33000원.육사시미(소);25000원.육사시미(대);30000원.육회비빔밥;7000원.선지해장국;6000원.,"육회,육사시미,육회 탕탕이,육전,육회+육사시미+떡갈비 한판,육회물회,소고기국밥,육회비빔밥,선지회장국,불고기전골",34.97085328,127.4861134
155,182,한식,4.59,010-8601-3529,정담갈비,전라남도 순천시 남신월길 37,돼지갈비,돼지갈비;14000원.소고기전골(소);20000원.소고기전골(중);30000원.소고기전골(대);40000원.소고기삼합(소);60000원.소고기삼합(중);80000원.소고기삼합(대);100000원.,"돼지갈비,소고기전골,소고기삼합,옹심이,점심특선 전복돌솥밥,점심특선 삼치구이+청국장",34.95659226,127.5205107
156,183,한식,4.56,070-8264-2714,반반국수,전라남도 순천시 해룡면 조례못등길80,멸치국수,멸치국수;3900원.비빔국수;4900원.반반국수;5900원.콩나물비빔밥;4900원.,"멸치국수,비빔국수,반반국수,콩나물비빔밥",34.95034501,127.5281585
157,184,양식,4.63,061-741-8888,낭낭치킨 시대점,전라남도 순천시 비봉2길 31,후라이드 치킨,후라이드 치킨;16000원.매콤양념 치킨;17000원.,"후라이드 치킨,매콤양념 치킨",34.97202252,127.5189822
158,185,카페,4.52,061-901-1928,티움,전라남도 순천시 옥천길 23,녹차,"녹차;5000원.활차;6000원.백차;6000원.우롱차;8000원.홍차;6000원.당근머핀;3500원.자몽차;5000원.애플레몬차;5000원,키위차;5000원.","녹차,활차,백차,우롱차,홍차,당근머핀,자몽차,애플레몬차,키위차",34.95352569,127.4824568
159,186,양식,4.56,0504-0953-0903,코리엔탈깻잎두마리치킨 풍덕점,전라남도 순천시 남산로 154-1,블랙라벨 로제퀸치킨,블랙라벨 로제퀸치킨;16000원.골드라벨 치즈킹치킨;16000원.불마왕치킨;16000원.특별한 고추치킨;16000원.황금지단치킨;16000원. 두마리 2가지맛 선택 치킨;20000원. 두마리 3가지맛 선택 치킨;22000원.,"블랙라벨 로제퀸치킨,골드라벨 치즈킹치킨,불마왕치킨,특별한 고추치킨,황금지단치킨",34.94060023,127.5051243
160,187,일식,4.53,061-901-1110,미도리스시,전라남도 순천시 왕지2길 9-7,모듬초밥,모듬초밥;10000원.미도리초밥;15000원.특선초밥;20000원.,"모듬초밥,미도리초밥,특선초밥,",34.96905281,127.5235153
161,188,한식,4.7,0507-1375-7428,옛날기와집식당,전라남도 순천시 호남길 92,소고기버섯전골,소고기버섯전골;20000원.보리굴비정식;15000원.,"소고기버섯전골,보리굴비정식",34.95218857,127.4812489
162,189,한식,4.52,061-753-2407,웃장가마솥국밥 금당점,전라남도 순천시 해룡면 상대석길66,국밥,국밥;7000원.내장국밥;7000원.옛날순대국밥;7000원.모듬국밥;8000원.새끼보;8000원.찰순대국밥;7000원.,"국밥,내장국밥,옛날순대국밥,모듬국밥,새끼보,찰순대국밥,모듬수육,수육,옛날순대,찰순대",34.94970282,127.526393
163,190,한식,4.54,061-904-4915,한가네김밥나라석현점,전라남도 순천시 환선로 132,김밥(원조,원조김밥;2500원.야채김밥;3000원.참치김밥;3500원.치즈김밥;3500원.라면;3000원.,"김밥(원조,야채,참치,떙초,치즈,고추참치,샐러드),라면(떡,만두,치즈,김치,짱뽕),오뎅,우동,김치우동,쫄면,떡볶이,라볶이,우동볶이,만두(김치,물,고기,튀김,고추잡채튀김,모둠,갈비,새우,)",34.96718096,127.4874559
164,191,한식,4.65,061-721-7212,해피치즈스마일 순천점,전라남도 순천시 비봉2길 9,돈가스플레이트,돈가스플레이트;13000원.해피 당볶이;7000원.떡볶이;4500원.스마일 튀볶이;7000원.해치스 면볶이;7000원.튀김우동;8000원.,"돈가스플레이트,해피 당볶이,떡볶이,스마일 튀볶이,해치스 면볶이,튀김우동,만두튀김,통모짤렐라튀김,해쉬브라운,야채튀김,치즈고구마고로케,수제새우튀김,감자튀김,고구마튀김,한치튀김",34.971958,127.5209014
165,192,한식,4.54,061-724-6667,불쟁이신쭈꾸미 신대점,전라남도 순천시 해룡면 매안로74,불쭈꾸미 볶음,"불쭈꾸미 볶음;10900원,도토리전;6000원.고르곤피자;6000원.등심돈까스;7000원.고구마치즈돈까스;7500원.치즈돈까스;7500원.","불쭈꾸미 볶음,도토리묵사발,도토리전,고르곤피자,등심돈까스,고구마치즈돈까스,치즈돈까스,치즈토핑,함박스테이크,",34.93305683,127.5555243
166,193,한식,4.54,0507-1472-0307,순천만민물장어 신대점,전라남도 순천시 해룡면 매안로107,민물장어,민물장어;60000원.장어덮밥도시락;38000원.장어탕;20000원.,"민물장어,장어덮밥도시락,장어탕",34.93473713,127.5538023
167,194,한식,4.66,.,소점,전라남도 순천시 봉화2길 66,모듬꼬치,모듬꼬치;18000원.닭가슴살 명란마요;3900원.닭파산적;3900원.닭발;3900원.,"모듬꼬치,닭가슴살 명란마요,닭파산적,닭발",34.95912429,127.5181797
168,195,한식,4.68,.,만가닥버섯전골,전라남도 순천시 연향번영5길 7,버섯전골,버섯전골(소);23000원.버섯전골(중);30000원.버섯전골(대);36000원.만두전골(소);18000원.만두전골(중);24000원.만두전골(대);30000원.등뼈전골(소);21000원.등뼈전골(중);27000원.등뼈전골(대);32000원.,"버섯전골,만두전골,등뼈저놀,뼈해장국,버섯육개장,버섯육개장칼국수,버섯들깨탕,버섯들깨탕칼국수",34.94708722,127.5172735
169,196,한식,4.52,061-726-4268,제주까망이,전라남도 순천시 해룡면 신대4길6,돼지주물럭백반,돼지주물럭백반;8000원.생오겹;15000원.생목살;17000원.생삼겹;9900원.,"돼지주물럭백반,생오겹,생목살,생삼겹",34.93362216,127.5516033
170,197,한식,4.58,061-727-8188,정씨부엌,전라남도 순천시 해룡면 향매로130,족발,족발;36000원.반족발;23000원.매운불족;38000원.매운홍합칼국수;7000원.,"족발,반족발,매운불족,매운홍합칼국수",34.93227,127.5532347
171,198,한식,4.53,0507-1428-2088,징기스 순천조례점,전라남도 순천시 봉화2길 73,양갈비,양갈비;14000원.양특수부위;14000원.우설;15000원.소꼬리;15000원.소갈비살;15000원.,"양갈비,양특수부위,우설,소꼬리,소갈비살,감자탕,된장찌개,냉모밀,아지타마고(맛계란파밥)",34.95924042,127.5176519
172,199,한식,4.65,061-744-4385,돌마당국밥,전라남도 순천시 덕월길 54,곱창전골,곱창전골;8000원.막창구이;8000원.머리국밥;7000원.내장국밥;7000원.모듬국밥;7000원.새끼보국밥;7000원.수육(소);15000원.수육(대);25000원.,"곱창전골,막창구이,머리국밥,내장국밥,모듬국밥,새끼보국밥,수육,옛날순대",34.92747581,127.4880922
173,200,한식,4.68,061-745-8900,도사농원,전라남도 순천시 오룡서당길 9,토종닭참숯불구이,토종닭참숯불구이;55000원. 토종닭약초백숙;60000원. 토종닭 닭장;55000원. 토종닭약초능이백숙;80000원. 토종닭옻닭 ;60000원.,"토종닭참숯불구이, 토종닭약초백숙, 토종닭 닭장, 토종닭약초능이백숙, 토종닭옻닭 ",34.90536874,127.5010563
174,203,한식,4.62,061-753-0067,만석꾼 율촌산단점,전라남도 순천시 해룡면 율촌산단4로77-78,제육버섯전골,제육버섯전골;7000원.대구탕;8000원.소고기버섯전골;10000원.순두부찌개;7000원.김치찌개;7000원.,"제육버섯전골, 대구탕, 소고기버섯전골, 순두부찌개, 김치찌개",34.90126863,127.5865877
175,204,카페,4.52,0507-1330-6720,마고카페,전라남도 순천시 오천2길 39,스무디,스무디;5000원.아메리카노;3500원.에스프레소;3000원.마끼야또;4500원.카페모카;4500원.카푸치노;4500원.,"스무디, 아메리카노, 에스프레소, 마끼야또, 카페모카, 카푸치노",34.93105628,127.4956722
176,205,한식,4.71,061-727-1771,정원포차,전라남도 순천시 팔마4길 18,닭볶음탕,닭볶음탕;30000원.오동토동 산낙지볶음;35000원.국내산 생삼겹보쌈;35000원. 제육볶음;25000원. 닭발볶음;20000원.,"닭볶음탕, 오동토동 산낙지볶음, 국내산 생삼겹보쌈, 제육볶음, 닭발볶음",34.93412228,127.5165317
177,207,향토음식,4.51,061-743-0333,맛이랑짱뚱어랑,전라남도 순천시 풍덕새길 68,짱뚱어탕,짱뚱어탕;25000원.,짱뚱어탕,34.93926223,127.4953467
178,208,카페,4.55,0507-1416-6511,다앤커피,전라남도 순천시 중앙로 53,수제 요거트,수제 요거트;4000원.플레인 크로플;4000원.로얄 딸기라떼;4000원.단팥 다앤치노;4000원.테린느;5500원.망고과일쥬스;3900원.,"수제 요거트, 플레인 크로플, 로얄 딸기라떼, 단팥 다앤치노, 테린느, 망고과일쥬스",34.95035626,127.484153
179,209,주점,4.59,061-913-7747,종로맥가 전남광양1호점,전라남도 광양시 광양읍 인덕로958,짝태,짝태;9000원.먹태;9000원.감자튀김;5000원.,"짝태, 먹태, 감자튀김",34.96806874,127.5810855
180,210,일식,4.53,061-722-3994,황금어장횟집,전라남도 광양시 광양읍 서북2길124,활어모듬,활어모듬;60000원.광어;35000원.우럭;35000원.농어;45000원.뼈꼬시;30000원.,"활어모듬, 광어, 우럭, 농어, 뼈꼬시, 연어사시미, 참치사시미, 산낙지, 해물모듬, 전복, 개불, 해삼, 활어초밥, 연어초밥, 모듬초밥, 생우럭배운탕, 물회, 회덮밥, 연어덮밥, 내장탕",34.97584292,127.5758777
181,211,중식,4.55,061-724-8088,따봉탕수육 조례점,전라남도 순천시 봉화1길 115,따봉탕수육,따봉탕수육;18000원.치킨탕수육;18000원.사천탕수육;19000원.깐풍기;18000원.김치피자탕수육;24000원.,"따봉탕수육, 치킨탕수육, 사천탕수육, 깐풍기, 김치피자탕수육",34.96134192,127.5144895
182,212,주점,4.59,0507-1337-7487,우리,전라남도 순천시 남신월4길 3-16,바지락탕,바지락탕;변동.,바지락탕,34.95721466,127.5192882
183,213,양식,4.6,0507-1411-2003,스킬렛,전라남도 순천시 해룡면 신대2길6-41,고르곤 피자,고르곤 피자;12.900원. 땡초 목살 필라프;14.900원. 목살 스테이크;20.900원. 알리오 올리브오일 파스타;12.900원. 찹 스테이크;20.900원. 치킨 커틀렛;13.900원.,"고르곤 피자, 땡초 목살 필라프, 목살 스테이크, 알리오 올리브오일 파스타, 찹 스테이크, 치킨 커틀렛",34.93566629,127.5475284
184,214,카페,4.54,010-7937-0525,오블리크,전라남도 순천시 해룡면 매안1길20,반반케이크,반반케이크;변동. 아인슈페너;5.300원.,"반반케이크, 아인슈페너",34.92794714,127.553288
185,216,한식,4.59,061-741-3805,마시왕감자탕,전라남도 순천시 오천6길 48,감자탕,감자탕(소):20.000원. 감자탕(중):25.000원.감자탕(대):30.000원. 묵은지 감자탕(소);20.000원. 묵은지 감자탕(중);27.000원. 묵은지 감자탕(대);32.000원.뼈찜(중);25.000원. 뼈찜(대);30.000원. 뼈해장국;7.000원.,"감자탕, 묵은지 감자탕, 뼈찜, 뼈해장국",34.93492588,127.4955474
186,217,한식,4.58,061-755-0755,리틀마리김밥 오천점,전라남도 순천시 오천4길 21,리틀마리김밥,리틀마리김밥;2.800원. 치즈김밥;3.500원. 치즈돌솥알밥;6.000원. 수제돈까스;7.000원. 라면;3.000원.,"리틀마리김밥, 치즈김밥, 치즈돌솥알밥, 수제돈까스, 라면",34.93115984,127.4926843
187,219,한식,4.8,0507-1375-3292,제주거멍돗,전라남도 순천시 환선로 145,거멍돗 오겹살,거멍돗 오겹살;12.000원. 거멍돗 목살;12.000원. 거멍돗 항정살;13.500원. 거멍돗 가브리살;13.500원. 거멍돗 갈매기살;13.500원. 거멍돗 프렌치렉;24.000원.,"거멍돗 오겹살, 거멍돗 목살, 거멍돗 항정살, 거멍돗 가브리살, 거멍돗 갈매기살, 거멍돗 프렌치렉, 거멍돗 모듬세트, 제주껍딱",34.96830249,127.4868204
188,220,일식,4.54,061-722-3737,희락,전라남도 순천시 행금길 6-34,알밥,"알밥;8,000원. 순살돈까스;8,000원. 치즈돈까스;9,000원. 모듬초밥 오마카세;20,000원.","알밥, 순살돈까스, 치즈돈까스, 전복죽, 모듬초밥 오마카세, 특초밥, 유부초밥, 크래미초밥, 새우초밥, 소라초밥, 전복초밥, 생연어초밥",34.95599753,127.4822516
189,222,카페,4.56,0507-1307-8610,카페 비앙코,전라남도 순천시 오천6길 56,아메리카노,"아메리카노;3,500원.",아메리카노,34.93522127,127.4948001
190,223,중식,4.52,061-725-3990,짜장세상,전라남도 순천시 해룡면 기적의도서관1길71,짜장면,"짜장면;3,000원. 불타는짜장;3,500원. 짬뽕;4,000원. 불타는짬뽕;4,500원. 간짜장;5,000원. 탕수육(소);11,000원. 탕수육(중);15,000원. 탕수육(대);20,000원.","짜장면, 불타는짜장, 짬뽕, 우동, 불타는짬뽕, 간짜장, 삼선해물짜장, 삼선해물우동, 삼선짬뽕, 삼선해물간짜장, 쟁반짜장, 불타는쟁반짜장, 짜장밥, 볶음밥, 짬뽕밥, 오징어덮밥, 잡채밥, 양송이덮밥, 새우볶음밥, 삼선해물볶음밥, 잡탕밥, 유산슬밥, 삼선짬뽕밥, 군만두, 양장피, 팔보채, 깐풍기, 유산슬, 깐쇼새우, 탕수육",34.95008953,127.5262466
191,224,일식,4.58,061-723-2028,미다스초밥,전라남도 순천시 해룡면 매안3길4,모듬초밥,"모듬초밥 12P;10,000원. 켈리포니아 연어롤;10,000원. 특초밥12P;20,000원. 미다스초밥 12P;15,000원.","모듬초밥, 켈리포니아 연어롤, 특초밥, 미다스초밥, 돈가스, 모듬사시미, 한판초밥, 눈다랑어 참치회, 광어초밥, 연어초밥, 참치초밥, 참치뱃살 초밥, 생새우초밥",34.92735719,127.5516746
192,225,한식,4.56,061-726-1151,신대엄마손생선구이,전라남도 순천시 해룡면 향매로149,생선구이,"생선구이;10,000원. 갈치조림;9,000원. 조기매운탕;8,000원. 고등어조림;8,000원. 낚지볶음;10,000원.","생선구이, 갈치조림, 조기매운탕, 고등어조림, 낚지볶음",34.93227456,127.5555211
193,226,주점,4.56,061-723-9553,들녘숯불바베큐,전라남도 순천시 해룡면 매안3길19,숯불떡바베큐,"숯불떡바베큐;19,000원. 소금구이;19,000원. 반반치킨;17,000원. 후라이드치킨;16,000원.","숯불떡바베큐, 소금구이, 반반치킨, 후라이드치킨",34.92838767,127.5511504
194,227,한식,4.58,0507-1321-9825,황토수육국밥풍덕점,전라남도 순천시 하풍동길 34,국밥,"국밥;8,000원. 순대국밥;8,000원. 돈족탕;9,000원. 다슬기우거지탕;8,000원. 수육;28,000원. 모듬순대;18,000원.","국밥, 순대국밥, 돈족탕, 다슬기우거지탕, 수육, 모듬순대",34.94045702,127.5054274
195,228,한식,4.59,061-741-6120,맛있는채움,전라남도 순천시 오천2길 18-8,꼬막비빔밥 정식&도시락,"꼬막비빔밥 정식&도시락;15,000원. 생선구이정식&도시락;10,000원. 김치찌개 백반1인;8,000원.","꼬막비빔밥 정식&도시락, 생선구이정식&도시락, 김치찌개 백반1인, 갈치조림",34.93064598,127.4956127
196,229,한식,4.61,061-722-0073,만석꾼동태탕 신대점,전라남도 순천시 해룡면 향매2길3-16,동태탕,"동태탕;8,000원. 섞어탕;11,000원. 알곤이탕;11,000원.","동태탕, 섞어탕, 알곤이탕",34.93254721,127.5558156
197,230,한식,4.68,0507-1362-4864,록이오겹살 조례본점,전라남도 순천시 봉화2길 37,삼겹살 세트,"삼겹살 세트;14,000원. 오겹살 세트;15,000원. 대패오겹살 세트;15,000원.","삼겹살 세트, 오겹살 세트, 대패오겹살 세트",34.95705481,127.5179334
198,231,한식,4.75,0507-1330-2599,아마씨 아름엄마 씨앗밥상,전라남도 순천시 역전2길 50,아마씨상(큰밥),"아마씨상(큰밥);12,000원. 아름답상;9,000원.","아마씨상(큰밥), 아름답상",34.9480138,127.497568
199,232,주점,4.58,061-743-4117,이춘봉인생치킨 오천점,전라남도 순천시 오천2길 9,이춘봉바베큐치킨,"이춘봉바베큐치킨;18,000원. 레드그릴바베큐;18,000원. 마늘간장치킨(뼈);18,000원. 마늘간장치킨(순살);18,000원. 달맵치킨;18,000원. 빠다갈릭치킨;19,000원.","이춘봉바베큐치킨, 레드그릴바베큐, 마늘간장치킨, 달맵치킨,빠다갈릭치킨",34.93053436,127.4960575
200,233,한식,4.57,061-724-8292,착한족발,전라남도 순천시 해룡면 조례못등2길4-16,족발,"족발(대);25,000원. 족발(소);18,000원.",족발,34.95019374,127.5287759
201,234,향토음식,4.6,061-754-4462,복주렁,전라남도 순천시 주암면 선산길168-1,한방능이백숙,"한방능이백숙;변동. 염소탕;10,000원. 추어탕;9,000원. 장어탕;12,000원. 김치찌개;28,000원.","한방능이백숙, 염소탕, 추어탕, 장어탕, 김치찌개",35.06679127,127.2551926
202,235,한식,4.58,061-742-5090,미정국밥,전라남도 순천시 하인제길 52,머리국밥,"머리국밥;7,000원. 순대국밥;7,000원. 수육(중);15,000원. 고사머리;30,000원. 편육;15,000원. 내장국밥;7,000원. 수육(대);20,000원.","머리국밥, 순대국밥, 수육, 고사머리, 편육, 내장국밥",34.94353086,127.4935231
203,236,한식,4.55,0507-1307-8854,언노운커피서비스,전라남도 순천시 오천2길 31,아메리카노,"아메리카노;3,500원. 카페라떼;4,000원. 플랫화이트;4,000원.","아메리카노, 카페라떼, 플랫화이트",34.93096833,127.4948654
204,237,양식,4.6,061-753-9181,한끼식사,전라남도 순천시 고지6길 12-13,김치찌개,"김치찌개;6,000원. 된장찌개;6,000원. 비빔밥;5,000원. 국수;4,000원. 비빔국수;4,500원. 돈가스;5,000원.","김치찌개, 된장찌개, 비빔밥, 국수, 비빔국수, 김밥, 라면, 어묵, 돈가스, 김치만두, 고기만두, 콩국수, 냉면, 비빔냉면, 팥빙수",34.98469931,127.4837088
205,238,한식,4.54,061-755-9289,용당원조숯불바베큐,전라남도 순천시 삼산로 113,한식바베큐,"한식바베큐;19,000원. 순살바베큐;19,000원. 양식바베큐19,000원. 소금구이바베큐;19,000원. 반반세트(한양.한소.양소);20,000원.","한식바베큐, 순살바베큐, 양식바베큐, 소금구이바베큐, 반반세트(한양,한소,양소), 닭꼬치바베큐, 닭발바베큐, 근위바베큐, 염통바베큐, 후라이드치킨, 양념치킨, 순살 후라이드, 순살양념",34.97418358,127.4949565
206,239,카페,4.67,010-3457-0186,상무청과,전라남도 순천시 장평로 5,수박주스,"수박주스;6,000원. 착즙주스;7,000원. 한컵과일;5,000원.","수박주스, 착즙주스, 한컵과일, 옛날빙수",34.94019545,127.4934083
207,240,중식,4.53,0507-1349-7725,짬뽕생각,전라남도 순천시 해룡면 매안2길25-10,해물쟁반짜장,"해물쟁반짜장;18,000원. 해물짬뽕;8,500원. 탕수육;19,000원. 고기짬뽕;8,500원. 짜장면;5,500원.","해물쟁반짜장, 해물짬뽕, 탕수육, 고기짬뽕, 짜장면",34.92936689,127.5519805
208,241,한식,4.64,0507-1441-1048,조군족발,전라남도 순천시 해룡면 조례못등3길4-12,족발,"족발;26,000원. 불족발;26,000원. 반반세트;26,000원.","족발, 불족발, 반반세트",34.94791007,127.5290584
209,242,카페,4.52,0507-1385-0215,카페아띠레,전라남도 순천시 연향번영길 121,카라멜허니브레드,"카라멜허니브레드;5,000원. 블랙포레스트;5,500원. 깔루아마키야토;5,500원. 당근케이크;5,500원. 이탈리아노 티라미슈;5,500원. 딸기마카롱;1,500원.","카라멜허니브레드, 블랙포레스트, 깔루아마키야토, 당근케이크, 이탈리아노 티라미슈, 딸기마카롱",34.95128482,127.517616
210,243,양식,4.71,0504-1400-4678,돈까스짱,전라남도 순천시 장선배기1길 20,더블수제돈까스,"더블수제돈까스;8,500원. 김치치즈롤 돈까스;10,000원. 통치즈돈까스;10,000원. 피자돈까스;11,500원. 함박스테이크;11,000원. 알리오올리오;8,500원.","더블수제돈까스, 김치치즈롤 돈까스, 통치즈돈까스, 피자돈까스, 함박스테이크, 알리오올리오",34.95390124,127.5225965
211,244,한식,4.92,0507-1432-0256,고력당,전라남도 순천시 왕지3길 18-28,궁중홍전골,"궁중홍전골 1인분;28,000원. 고력당화로불고기;25,000원. 궁중 수육 전골 1인분;28,000원. 고추장 육회무침;22,000원. ","궁중홍전골, 고력당화로불고기, 궁중 수육 전골, 고추장 육회무침, ",34.97054017,127.526093
212,246,카페,4.58,0507-1401-5428,몽프레,전라남도 순천시 해룡면 매안2길12-3,믹스케이크,"믹스케이크;40,000원. 융 드립커피;5,000~5,500원. 자몽 치즈 타르트;6,500~48,000원. 블루베리 생크림6,000~44,000원. 과일 밀훼유6,500~48,000원.","믹스케이크, 융 드립커피, 자몽 치즈 타르트, 블루베리 생크림, 과일 밀훼유, 과일 크레이프, 더블 크림치즈, 밀크 크레이프, 몽다크 초코릿, 밤생크림, 홍차쉬폰, 화이트초코렛치즈, 티라미수, 블루베리 치즈타르트, 단호박타르트",34.92796664,127.5524223
213,247,한식,4.63,010-8999-4737,술벗상회,전라남도 순천시 유동1길 29-14,모듬숙성회,"모듬숙성회;45,000원. 모듬해산물;38,000원. 모듬물회;36,000원. 모듬반반;48,000원. 잿방어;50,000원. 크림해산물 파스타;22,000원.","모듬숙성회, 모듬해산물, 모듬물회, 모듬반반, 잿방어, 크림해산물 파스타",34.954841,127.5180404
214,248,주점,4.64,061-746-7624,역전할머니맥주 오천점,전라남도 순천시 오천6길 6-10,갈릭빠다포테이토,"갈릭빠다포테이토;6,000원. 할매네 아귀튀김9,000원. 30cm마약 치즈돈까스;9,000원. 고추바삭 황태튀김;8,000원.","갈릭빠다포테이토, 할매네 아귀튀김, 30cm마약 치즈돈까스, 고추바삭 황태튀김, 고구마 치즈스틱, 새우마빡튀김, 옛날통닭, 불꽃오징어, 왕새우튀김&볼, 양념감자튀김, 통통 군만두, 고추/야채튀김, 순살치킨, 양념 순살치킨",34.93432056,127.494137
215,249,한식,4.54,0507-1350-1081,어화정,전라남도 순천시 연향번영5길 9,생선구이,"생선구이;13,000원. 간장게장;11,000원. 닭볶음 정식;9,000원. 제육정식;9,000원. ","생선구이, 간장게장, 닭볶음 정식, 제육정식, ",34.94708489,127.5171216
216,250,양식,4.56,0507-1429-9282,똘똘이광주통닭 조례점,전라남도 순천시 유동길 89,후라이드,"후라이드;17,000원. 양념통닭;18,000원. 간장통닭;19,000원. 후라이드반+간장반;18,000원. 후라이드반+양념반;18,000원. 간장닭발;14,000원.","후라이드, 양념통닭, 간장통닭, 후라이드반+간장반, 후라이드반+양념반, 간장닭발",34.95893072,127.5159849
217,251,일식,4.71,070-8835-2871,G브로참치,전라남도 순천시 비봉길 20,브로 참치,"브로 참치(2~3인분);38,000원. 브로 특선(1~2인분);29,000원. 브로 스페셜(2~3인분);38,000원. 브로 골드(2~3인분);48,000원. 브로 VIP(2~3인분);58,000원.","브로 참치, 브로 특선, 브로 스페셜, 브로 골드, 브로 VIP",34.97045443,127.5203211
218,252,주점,4.63,0507-1324-0142,THE매움 오천점,전라남도 순천시 오천3길 4-22,국물닭발,"국물닭발1인분;9,000원. 양푼이매운갈비찜1인분;10,000원. 묵은지등갈비2,3인;30,000원. 스틱닭발(소);16,000원. 무뼈닭발(소);16,000원. ","국물닭발, 양푼이매운갈비찜, 묵은지등갈비, 스틱닭발, 무뼈닭발, 날치알주먹밥",34.93302318,127.4954545
219,254,한식,4.59,061-723-4969,족발야시장 순천신대점,전라남도 순천시 해룡면 신대1길4-30,오늘삶은 신선한 앞발,"오늘삶은 신선한 앞발;39,000원. 방금나온 야들야들 보쌈;38,000원. 맛있게맵다 직화불족발;39,000원. 새콤달콤 냉채족발;39,000원. 환상의궁합 족발&보쌈 set;51,000원. 반반족발+ 코라콜라 1.25L 콤보세트;42,000원.","오늘삶은 신선한 앞발, 방금나온 야들야들 보쌈, 맛있게맵다 직화불족발, 새콤달콤 냉채족발, 환상의궁합 족발&보쌈 set, 반반족발+ 코라콜라 1.25L 콤보세트",34.93427388,127.5484877
220,255,주점,4.57,0507-1310-4603,역전할머니맥주 왕지점,전라남도 순천시 백연길 97,생맥주,"생맥주 500cc;3,000원. 버터구이오징어;9,000원. 통통오다리;6,000원. 북어;7,000원. 한치;8,000원. 반건조오징어8,000원. 새끼먹태6,000원. ","생맥주, 버터구이오징어, 통통오다리, 북어, 한치, 반건조오징어, 새끼먹태, 아귀포, 노가리, 양념순살치킨",34.95328001,127.5332695
221,256,카페,4.71,0507-1310-1321,카페 금뺏지 본점,전라남도 순천시 서면 선평길175-23,갈릭돈가스,"갈릭돈가스;9,000원. 치즈돈까스;10,000원. 새우볶음밥;7,500원. 고르곤졸라 치즈 씬피자;9,800원.","갈릭돈가스, 치즈돈까스, 새우볶음밥, 고르곤졸라 치즈 씬피자, 뉴욕치즈 조각케익, 초코무스 조각케익, 허니브레드, 크로크무슈, 감자튀김, 고르곤졸라 치즈 씬피자",34.98886747,127.4954425
222,257,한식,4.67,061-746-1430,대나무집 오천점,전라남도 순천시 오천3길 8,닭구이 무한리필,"닭구이 무한리필;14,900원.",닭구이 무한리필,34.93191854,127.4957693
223,258,한식,4.59,061-743-1278,겨비겨비,전라남도 순천시 오천3길 4-13,한우갈비살,"한우갈비살100g;19,000원. 한우차돌박이150g;15,000원. 삼겹살 150g;12,000원. 목살 150g;12,000원. 가브리살 150g;14,000원.","한우갈비살, 한우차돌박이, 삼겹살, 목살, 가브리살, 항정살, 갈비살, 차돌박이, ",34.93245743,127.4958083
224,259,주점,4.53,061-751-4219,역전할머니맥주 용당점,전라남도 순천시 삼산로 110,먹태,"먹태;14,000원. 치즈라볶이;9,000원. 짜파구리;9,000원. 순살치킨;8,000원. 반건조오징어;10,000원. 양념감자튀김;7,000원.","먹태, 치즈라볶이, 짜파구리, 순살치킨, 반건조오징어, 양념감자튀김",34.9736144,127.4948737
225,261,카페,4.77,010-6465-0157,노필터 커피,전라남도 순천시 중앙초등길 157,모카포트,"모카포트;4,000원. 핸드드립;4,000원.카푸치노;5,000원. 카페라떼;5,000원. 카라멜마끼야또;5,500원. ","모카포트, 핸드드립,카푸치노, 카페라떼, 카라멜마끼야또, 허니진저레몬티, 로얄밀크티, 핫초코, 아이스초코, 아이스 바닐라 라떼, 베이글&크림치즈, 치즈케잌",34.94039399,127.5024831
226,262,한식,4.86,0507-1385-0141,복식당,전라남도 순천시 장선배기1길 20,숙성돼지고기,"숙성돼지고기;12,000원.",숙성돼지고기,34.95390124,127.5225965
227,263,중식,4.61,061-904-3534,제라도반점,전라남도 순천시 순천만길 5,짜장면,"짜장면;5,000원. 우동;7,000원. 울면;7,000원. 짬뽕;7,000원. 고추짬뽕8,000원.","짜장면, 우동, 울면, 짬뽕, 고추짬뽕, 간짜장, 삼선짬뽕, 삼선간짜장, 쟁반짜장, 짬뽕밥, 볶음밥, 잡채밥, 삼선볶음밥, 군만두",34.92590477,127.4913381
228,264,카페,4.71,0507-1464-0788,밀림슈퍼,전라남도 순천시 역전2길 46,밀림스콘,"밀림스콘;변동. 크림바닐라;5,000원.헤이즐넛;5,000원. 밀림초코스콘;변동. 아메리카노;4,000원. ","밀림스콘, 크림바닐라,헤이즐넛, 밀림초코스콘, 아메리카노, 밀림인절미스콘, 밀림슈페너",34.94781884,127.497427
229,265,한식,4.58,0507-1352-7761,해물면가,전라남도 순천시 환선로 168-1,왕갈비해물찜,"왕갈비해물찜(소갈비)(대);65,000원. 왕갈비해물찜(소갈비)(중);55,000원.해물찜(대);50,000원.해물찜(중);40,000원. 문어 해물칼국수(중);29,000원. 문어 해물칼국수(대);39,000원.","왕갈비해물찜, 해물찜, 문어 해물칼국수, 성게몸, 보말 매생이 칼국수",34.97041814,127.4865332
230,266,한식,4.55,061-754-6685,인생술집 금곡점,전라남도 순천시 금옥길 28,선어회,"선어회;35,000원. 불고기 낙시 해물찜;35,000원. 차돌박이숙주볶음;25,000원. 짜글이돼지고기볶음;25,000원. ","선어회, 불고기 낙시 해물찜, 차돌박이숙주볶음, 짜글이돼지고기볶음, 떡국, 새우버터구이, 단호박오리찜, 불고기/낙지해물찜, 쭈꾸미 돼지볶음, 닭도리탕",34.95384658,127.4804072
231,267,한식,4.6,0507-1324-3639,겨비겨비 신대점,전라남도 순천시 해룡면 신대3길6-10,삼겹살,"삼겹살;12,000원. 갈비살;19,000원. 차돌박이;16,000원. 목살;12,000원. 항정살;14,000원.","삼겹살, 갈비살, 차돌박이, 목살, 항정살",34.93402429,127.5495648
232,268,카페,4.58,0507-1378-1235,새늘,전라남도 순천시 우명길 55,아메리카노,"아메리카노;3,000원. 에스프레소;3,000원. 카페라떼;4,000원. 바닐라라떼4,500원. 카푸치노;4,000원. 카라멜마끼야또4,500원.","아메리카노, 에스프레소, 카페라떼, 바닐라라떼, 카푸치노, 카라멜마끼야또, 카페모카, 아포카토, 인절미아인슈페너, 카카오아인슈페너, 복숭아아이스티, 고구마라떼, 녹차라떼, 초코라떼, 에이드",34.9466222,127.5128031
233,269,일식,4.57,061-726-0056,더드림참치,전라남도 순천시 왕지1길 3-32,더참치회,"더참치회;39,000원. 생연어+활어;39,000원. 참치+연어;39,000원. 참치+활어;39,000원. 생연어회;25,000원.","더참치회, 생연어+활어, 참치+연어, 참치+활어, 생연어회, 활어회, 어묵탕, 더 초밥, 드림 초밥, 우동, 대구탕, 새우튀김, 돈까스(고구마, 치즈), 참치덮밥, 연어덮밥",34.97142218,127.522904
234,270,카페,4.54,.,로만티코,전라남도 순천시 호남길 130,에스프레소,"에스프레소;3,500원. 아메리카노;3,500원. 카페라떼;4,000원. 플랫화이트;4,000원. 옥천커피;5,000원.","에스프레소, 아메리카노, 카페라떼, 플랫화이트, 옥천커피, 핸드드립커피, 샹그리아(알코올), 오미자에이드/옥천에이드, 유기농허브차, 녹차, 히비스커스차, 단호박파운드, 마쉬멜로우 쿠키, 오레오 쿠키, 피넛베리스콘",34.95191806,127.4813558
235,272,한식,4.82,061-741-6862,장자팥죽,전라남도 순천시 장평13길 20,팥죽,"팥죽;7,000원. 동지죽;8,000원. 해물칼국수;7,000원. 옹심이들깨칼국수7,000원. 비빔밥;7,000원.","팥죽, 동지죽, 해물칼국수, 옹심이들깨칼국수, 비빔밥",34.9416562,127.4918812
236,273,한식,4.56,0507-1363-0808,히바치텐,전라남도 순천시 왕지4길 9-5,와규살치살,"와규살치살;27,000원. 닭고기목살;12,000원. 와규갈비살;25,000원. 와규안창살;27,000원. 닭고기안창살;13,000원.","와규살치살, 닭고기목살, 와규갈비살, 와규안창살, 닭고기안창살",34.96889333,127.5259507
237,274,양식,4.61,061-752-3394,꽃밥먹으러,전라남도 순천시 환선로 166-4,피자,"피자;11,000원. 파스타;6,500원. 볶음밥;5,500원. 짬뽕7,500원. 닭강정8,000원. 생맥주;2,000원.","피자, 파스타, 볶음밥, 짬뽕, 닭강정, 생맥주",34.97012292,127.4866188
238,276,일식,4.8,061-906-5592,오닭꼬치 순천신대점,전라남도 순천시 해룡면 좌야로150,닭꼬치,"닭꼬치;6,000원. 닭목살꼬치;6,000원. 닭껍질꼬치;5,000원. 모래집꼬치;5,000원. 염통꼬치;5,000원.","닭꼬치, 닭목살꼬치, 닭껍질꼬치, 모래집꼬치, 염통꼬치, 돈꼬치, 소갈비살꼬치, 소시지꼬치, 은행꼬치",34.93777103,127.5467069
239,277,양식,4.52,061-752-4646,에스엠엘키친,전라남도 순천시 영동길 18,통베이컨 매콤 크림까르보나라,"통베이컨 매콤 크림까르보나라;14,000원. 제철해산물토마토파스타;16,000원. 봉골레리조또;15,000원. 싸이크림리조또15,000원. 나나스라자냐;18,000원. 프라임채끝등심 스테이크;29,000원.","통베이컨 매콤 크림까르보나라, 제철해산물토마토파스타, 봉골레리조또, 싸이크림리조또, 나나스라자냐, 프라임채끝등심 스테이크",34.95467762,127.4827427
240,278,한식,4.55,061-741-6637,만석국밥집,전라남도 순천시 팔마로 106,국밥,"국밥;7,000원. 순대고기국밥;7,000원. 순대만국밥7,000원. 순대(중);5,000원. 수육(중);20,000원. 장어탕;8,000원.","국밥, 순대고기국밥, 순대만국밥, 순대, 수육, 장어탕",34.94559262,127.4998316
241,279,주점,4.53,0507-1479-6900,촌닭이두마리 용당점,전라남도 순천시 삼산로 92-22,옛날통닭,"옛날통닭(한마리);7,000원.옛날통닭(두마리);13,000원. 닭똥집;8,000원. 후라이드(조각);12,000원. 양념(조각);13,000원. 매운양념(조각);13,000원. 마늘간장(조각);13,000원.","옛날통닭, 닭똥집, 후라이드, 양념, 매운양념, 마늘간장, 왕갈비통닭, 생맥주",34.97186837,127.4935359
242,280,한식,4.55,061-725-3139,황금네정육식당,전라남도 순천시 태봉길 41,육회비빔밥 + 된장찌개,"육회비빔밥 + 된장찌개;8,000원. 돼지김치찌개;7,000원. 돼지제육볶음;9,000원. 차돌박이된장찌개;8,000원. 비빔/물냉면;4,000원.","육회비빔밥 + 된장찌개, 돼지김치찌개, 돼지제육볶음, 차돌박이된장찌개, 비빔/물냉면, 한우라면, 쌀국수, 누룽지",34.96021846,127.5261595
243,281,양식,4.68,061-741-8417,이레돈까스,전라남도 순천시 팔마로 115-1,등심돈까스,"등심돈까스(150g~160g);9,000원. 안심돈까스(150g~160g);10,000원.","등심돈까스, 안심돈까스",34.94600399,127.5010391
244,282,카페,4.59,061-725-0009,카페 플랫,전라남도 순천시 연향동 1602-1,아메리카노 + 통밀샌드위치,"아메리카노 + 통밀샌드위치;6,000원. 딸기주스 / 라떼;5,000원. 청귤차;4,000원.","아메리카노 + 통밀샌드위치, 딸기주스 / 라떼, 청귤차",34.94112421,127.5248005
245,283,카페,4.68,0507-1494-8008,팔공티 신대점,전라남도 순천시 해룡면 신대로118,흑당밀크티,"흑당밀크티(기본);3,700원. 블랙밀크티;2,000원. 초코밀크티(기본);2,700원. 타로밀크티(기본);2,700원. 제주말차밀크티(기본);2,700원.","흑당밀크티, 블랙밀크티, 초코밀크티, 타로밀크티, 제주말차밀크티, 아메리카노, 카페라떼, 바닐라라떼",34.93407398,127.5493233
246,284,카페,4.54,0507-1309-4215,머스트해브커피,전라남도 순천시 용당둑길 165,오레그랏세,"오레그랏세;5,000원. 자몽에이드;4,500원. 아메리카노;2,900원. 카페라떼;3,400원. 카푸치노;3,400원. ","오레그랏세, 자몽에이드, 아메리카노, 카페라떼, 카푸치노, 바닐라라떼, 아몬드모카라떼, MSG라떼, 말차라떼, 레몬에이드, 몬몽에이드, 엄마가 담가 준 매실차, 런던포그 밀크티",34.95731161,127.4907344
247,285,양식,4.54,0507-1315-2759,비스트로긴,전라남도 순천시 유동1길 26,슈바인학센,"슈바인학센;45,000원. 스위스식 감자전;27,000원. 이태리식 정통 까르보나라16,000원. 트러플 오일을 곁들인 버섯 구이25,000원. 견과류를 곁들인 곶감 치즈말이17,000원.","슈바인학센, 스위스식 감자전, 이태리식 정통 까르보나라, 트러플 오일을 곁들인 버섯 구이, 견과류를 곁들인 곶감 치즈말이, 훈제굴과 크림치즈 정과, 치즈플레터, 트러플크림소라, 하몽 플레이트, 캐비어 한우 타르타르, 위스키 플레이트, 오이스터, 가리비 관자구이, 한우 안심 스테이크",34.95391106,127.5177891
248,286,한식,4.58,0507-1307-9076,안녕홍매화 신대점,전라남도 순천시 해룡면 매안로135,흑염소 떡갈비,"흑염소 떡갈비;28,000원. 흑염소 육회;28,000원. 토종닭 마늘구이;55,000원. 능이버섯 닭장60,000원.","흑염소 떡갈비, 흑염소 육회, 토종닭 마늘구이, 능이버섯 닭장, 흑염소 궁채나물 볶음, 흑염소 육회 비빔밥, 꼬막비빔밥, 꼬막전, 흑염소불고기비빔밥",34.93538877,127.5507934
249,287,양식,4.71,010-8862-3653,인정,전라남도 순천시 안산길 40,와규코스,"와규코스;29,000원. 와규스테이크;33,000원. 와규 크림 리조또;18,000원. 씨푸드 로제 파스타;15,000원. 쉬림프 크림 파스타;15,000원. 명란 크림 파스타;15,000원.","와규코스, 와규스테이크, 와규 크림 리조또, 씨푸드 로제 파스타, 쉬림프 크림 파스타, 명란 크림 파스타, 쉬림프 알리오 올리오, 해물 나가사끼 짬뽕, 와규 로제 리조또, 씨푸드 오이스터 파스터",34.93768477,127.5265657
250,289,일식,4.67,061-743-5279,이치카츠,전라남도 순천시 충효로 119,등심돈가츠,"등심돈가츠;9,000원. 안심돈가츠;14,000원. 모듬돈가츠;14,000원. 눈꽃치즈돈가츠;14,000원. 김치카츠나베;13,000원.","등심돈가츠, 안심돈가츠, 모듬돈가츠, 눈꽃치즈돈가츠, 김치카츠나베, 로스카츠",34.94954359,127.5152842
251,290,주점,4.55,061-901-5975,디들리밥 순천 국가정원점,전라남도 순천시 오천6길 20,맥스생맥주,"맥스생맥주;4,000원. 디밥생맥주;5,000원. 시나몬생맥주;5,000원. 기네스 생맥주;9,000원. ","맥스생맥주, 디밥생맥주, 시나몬생맥주, 기네스 생맥주, 제임슨 하이볼, 봄베이 하이볼, 잭허니 하이볼, 피치 하이볼, 아페롤 스프리츠, 말리부 오렌지, 깔루아 밀크, 진토닉, 잭콕, 마티니, 블랙리시안, 화이트리시안",34.93359917,127.494354
252,291,양식,4.89,0507-1343-0221,다락카레 호수공원점,전라남도 순천시 왕지4길 14-9,다락카레세트,"다락카레세트;13,000원. 치킨카레세트;12,000원. 다락카레;7,500원. 크림카레세트;12,500원. 버섯카레세트;13,500원.","다락카레세트, 치킨카레세트, 다락카레, 크림카레세트, 버섯카레세트",34.96827585,127.5249536
253,292,일식,4.7,0507-1309-6044,초밥시대,전라남도 순천시 오천5길 17,맞춤초밥,"맞춤초밥;15,000원. 비싼초밥;18,000원. 특모듬초밥;15,000원. 광어+연어초밥;17,000원. 연어초밥;17,000원. 광어초밥;17,000원.","맞춤초밥, 비싼초밥, 특모듬초밥, 광어+연어초밥, 연어초밥, 광어초밥",34.93331626,127.4958719
254,293,주점,4.59,061-722-7292,가마치통닭 순천 NC점,전라남도 순천시 비봉길 3,두마리통닭,"두마리통닭;15,000원. 똥집튀김;8,000원. 한마리통닭;8,000원. 가마치순살;10,000원. 조각닭;11,000원.","두마리통닭, 똥집튀김, 한마리통닭, 가마치순살, 조각닭, 닭발튀김, 간장치킨, 가마치순살양념, 가마치즈볼, 양념치킨",34.97153648,127.5206479
255,294,카페,4.56,010-3596-6065,윤슬,전라남도 순천시 운동1길 11,아메리카노,"아메리카노3,500원. 카푸치노;4,000원. 카페라떼4,000원. 연유라떼;4,500원. 바닐라빈라떼;4,500원.","아메리카노, 카푸치노, 카페라떼, 연유라떼, 바닐라빈라떼, 카페모카, 카라멜마끼야또, 그린티샷라떼, 초코라떼, 고구마라떼, 백향과에이드, 자몽에이드, 레몬에이드, 자몽차, 레몬차, 토마토주스, 키위주스, 모카 프라푸치노, 에스프레소, 프라푸치노, 그린티 프라푸치노, 다크초코 프라푸치노",34.95863691,127.5123497
256,295,카페,4.65,0507-1328-8404,카페와온,전라남도 순천시 해룡면 와온길107,아메리카노,"아메리카노;5,000원. 에스프레소;5,000원. 카푸치노;6,300원. 바닐라라떼;6,500원. 카라멜라떼;6,500원.","아메리카노, 에스프레소, 카푸치노, 바닐라라떼, 카라멜라떼, 페레로모카라떼, 오션블루에이드, 자몽에이드, 골드키위주스, 복숭아아이스티, 피치볼라썸, 플레인요거트, 딸기요거트, 블루베리요거트, 제주청귤차즙주스 ",34.84842436,127.525104
257,296,한식,4.54,0507-1406-0081,육값어치,전라남도 순천시 봉화2길 10,육회,"육회(200g);19,000원. 뭉티기;35,000원. 육회한연어;35,000원. 육딱이35,000원. 한우물회;35,000원. 연어;20,000원.","육회, 뭉티기, 육회한연어, 육딱이, 한우물회, 연어",34.95490069,127.5186436
258,297,한식,4.57,010-7104-3477,율촌정육식당,전라남도 순천시 해룡면 율촌로223,버섯 야채불고기,"버섯 야채불고기;13,000원. 왕갈비탕;13,000원. 육회비빔밥;8,000원. 육회(200g);8,000원. 육사시미(200g);20,000원. ","버섯 야채불고기, 왕갈비탕, 육회비빔밥, 육회, 육사시미, 상차림 대인, 상차림 소인, 점심특선, 소머리곰탕, 한우설렁탕",34.88893292,127.5684981
259,298,한식,4.62,061-751-7514,순천 서면 놀부국밥,전라남도 순천시 서면 강청길5,돼지머리국밥,"돼지머리국밥;7,000원. 순대국밥;8,000원. 내장국밥;8,000원. 섞어국밥;8,000원. 조기탕;8,000원.","돼지머리국밥, 순대국밥, 내장국밥, 섞어국밥, 조기탕, 뒷고기, 짜글이, 뒷통, 수육, 피순대, 동태탕",34.98914698,127.505293
260,299,양식,4.53,061-724-6166,소담치킨 신대점,전라남도 순천시 해룡면 매안로145,골드후라이드,"골드후라이드;17,000원. 골드양념치킨;18,000원. 오리지널누드 로스트;17,000원. 현미 베이크 크래커;18,000원. 통새우치킨;27,800원.","골드후라이드, 골드양념치킨, 오리지널누드 로스트, 현미 베이크 크래커, 통새우치킨, 쌀치킨, 쉬림프 강정치킨, 웰빙 마늘치킨, 옛날통닭",34.93557401,127.5498553
261,304,일식,4.6,061-721-9200,금당막회,전라남도 순천시 장선배기1길 6-26,막회,"막회(중);40,000원.막회(대);50,000원.막회(특);60,000원.막회(특대);80,000원. 감성돔;80,000원. 줄돔;100,000원. 광어초밥;17,000원. 연어초밥;13,000원. 연어회;25,000원.","막회, 감성돔, 줄돔, 광어초밥, 연어초밥, 연어회",34.95340053,127.5238587
262,305,한식,4.55,010-5834-2239,해방곱창 순천신대점,전라남도 순천시 해룡면 신대3길4,모듬구이,"모듬구이;17,000원. 곱창버섯전골;34,000원. 소곱창;16,000원. 소대창;16,000원. 소막창16,000원. ","모듬구이, 곱창버섯전골, 소곱창, 소대창, 소막창, 대창버섯전골, 우삼겹, 치즈계란찜, 해장라면, 볶음밥, 치즈볶음밥, 대창순대볶음",34.93424068,127.5496403
263,306,한식,4.57,061-724-1589,진품우리집오리 신대점,전라남도 순천시 해룡면 향매로132,오리불고기,"오리불고기;23,000원. 생오리;23,000원. 오리훈제;24,000원.","오리불고기, 생오리, 오리훈제",34.93225523,127.5533989
264,307,카페,4.59,0507-1331-9460,카페1962,전라남도 순천시 옥천길 34,아메리카노,"아메리카노;3,800원. 1962슈페너;5,000원. 1962밀크티;5,500원. 1962크로플;6,000원 .1962아이스티;6,000원.","아메리카노, 1962슈페너, 1962밀크티, 1962크로플 ,1962아이스티",34.95364736,127.4820173
265,308,중식,4.52,061-721-4560,우사부 신대점,전라남도 순천시 해룡면 신대4길5,짜장면,"짜장면;3,500원. 짬뽕;4,500원. 우동;4,500원. 간짜장;4,500원. 울면;5,000원. 짬뽕밥;5,000원. 볶음밥;5,000원. ","짜장면, 짬뽕, 우동, 간짜장, 울면, 짬뽕밥, 볶음밥, 오므라이스, 잡채밥, 송이밥, 북경면, 삼선짜장, 삼선짬뽕, 삼선우동, 삼선간짜장, 고추짬뽕, 유니짜장, 기스면, 삼선볶음밥, 잡탕밥, 탕수육, 잡채, 라조육, 고추잡채, 부추잡채, 깐풍기, 라조기, 팔보채, 양장피, 유산슬, 팔보라조, 난자완스, 귀구라기, 짜춘권, 해삼탕, 계란탕, 물만두, 야끼만두 ",34.93369784,127.5511147
266,309,주점,4.64,061-723-5300,이춘봉인생치킨 순천금당점,전라남도 순천시 해룡면 연향로166,이춘봉바베큐,"이춘봉바베큐;18,000원. 치라밥세트;22,500원. 마늘간장치킨;18,000원.","이춘봉바베큐, 치라밥세트, 마늘간장치킨",34.94299469,127.5323393
267,310,일식,4.61,010-4545-1810,미미연어,전라남도 순천시 봉화2길 64,생연어 사시미,"생연어 사시미(소);19,000원.생연어 사시미(중);28,000원.생연어초밥;11,000원. 생연어불초밥;12,000원. 수제새우 튀김13,000원. 물회;15,000원.","생연어 사시미, 생연어초밥, 생연어불초밥, 수제새우 튀김, 물회",34.95891914,127.5181701
268,311,카페,4.75,070-4772-4330,카페미루나,전라남도 순천시 순천만정원로 86,에스프레소,"에스프레소;3,500원. 아메리카노;3,500원. 카페라떼;4,000원. 바닐라라떼;4,500원. 카페모카;4,500원. ","에스프레소, 아메리카노, 카페라떼, 바닐라라떼, 카페모카, 화이트모카, 카라멜마끼야또",34.937045,127.4956103
269,312,향토음식,4.68,061-753-0301,놀부밥집,전라남도 순천시 낙안면 삼일로67,벌교꼬막정식,"벌교꼬막정식17,000원. 농부정식(꼬막정식 + 짱뚱어탕);20,000원. 놀부백반;13,000원. 한상차림(샤크+꼬막);20,000원. 꼬막비빔밥10,000원.","벌교꼬막정식, 농부정식(꼬막정식 + 짱뚱어탕), 놀부백반, 한상차림(샤크+꼬막), 꼬막비빔밥, 꼬막파전, 짱뚱어탕, 소고기 샤브샤브",34.90485466,127.3438088
270,313,카페,4.84,0507-1431-0154,비블리스커피,전라남도 순천시 오천3길 4-7,아메리카노,"아메리카노;3,400원. 바닐라빈라떼;4,600원. 블루베리 요거트스무디;5,000원. 체리에이드;4,600원. ","아메리카노, 바닐라빈라떼, 블루베리 요거트스무디, 체리에이드, 누텔라초코케이크, 딸기치즈케이크",34.93194452,127.4959261
271,314,주점,4.61,061-722-3356,은희통닭,전라남도 순천시 조례못등1길 12-7,후라이드,후라이드;18000원. 순살치킨;20000원. 양념치킨;20000원.,"후라이드, 순살치킨, 양념치킨",34.95301621,127.5288138
272,315,한식,4.73,061-901-0799,사오정아구찜,전라남도 순천시 해룡면 상대석길60,황제 살로만 아구찜,황제 살로만 아구찜(소);32000원.황제 살로만 아구찜(중);42000원.황제 살로만 아구찜(대);52000원.우리동네 1등 아구찜(소);27000원.우리동네 1등 아구찜(중);35000원.우리동네 1등 아구찜(대);45000원.,"황제 살로만 아구찜, 우리동네 1등 아구찜, 맛집랭킹 1위 해물찜, 고객만족 1위 해물탕, No.1 대왕 낙지찜",34.94972763,127.5267811
273,316,카페,4.54,061-746-2228,달콤테이블,전라남도 순천시 남산로 135,마카롱,마카롱;2000원.아메리카노;3300원.,"마카롱, 아메리카노",34.94043456,127.5030012
274,317,주점,4.58,0507-1382-3232,블루노트,전라남도 순천시 금곡길 15,몰트위스키,몰트위스키;150000원. 잭다니엘;100000원. 발렌타인;120000원.조니워커 블랙;120000원.레니마틴VSOP;180000원.헤네시 VSOP;160000원.,"몰트위스키, 잭다니엘, 발렌타인, 조니워커 블랙, 레니마틴VSOP, 헤네시 VSOP, 산토리 위스키, 진토닉,잭콕, 제임슨, 잭허니 하이볼, 말리부 오렌지, 깔루아 밀크, ",34.95477229,127.4826071
275,318,카페,4.56,061-902-5066,달아요 오늘도,전라남도 순천시 팔마로 102,일반마카롱,일반마카롱;1500원.캐릭터마카롱;1800원.다쿠아즈;2000원.꼬끄러스크;2500원.머랭쿠키;2500원.,"일반마카롱, 캐릭터마카롱, 다쿠아즈, 꼬끄러스크, 머랭쿠키",34.94557007,127.4993826
276,319,한식,4.51,061-725-6791,구공숙성돼지 신대점,전라남도 순천시 해룡면 향매1길15-27,숙성삼겹살,숙성삼겹살;2900원.숙성오겹살;3300원.숙성항정살;4900원.숙성가브리살;4900원.차돌박이;5000원.소양념구이;9000원.돼지양념구이;6000원.껍떼기;4000원.,"숙성삼겹살, 숙성오겹살, 숙성항정살, 숙성가브리살, 차돌박이, 소양념구이, 돼지양념구이, 껍떼기, 된장찌개, 해장라면, 냉면, 모듬버섯",34.93437219,127.5531888
277,320,주점,4.66,0507-1362-9984,통불 순천조례점,전라남도 순천시 신월큰길 36,가성비혜자 불가마치떡,가성비혜자 불가마치떡;23900원.먹기편한 무뼈닭발;17900원.사골치즈떡볶이;15000원.겉바속촉 옛날통닭;14000원.오돌뼈+김가루밥;17000원.,"가성비혜자 불가마치떡, 먹기편한 무뼈닭발, 사골치즈떡볶이, 겉바속촉 옛날통닭, 오돌뼈+김가루밥, 치즈순살불닭, 폭탄새우떡볶이, 참치마요 주먹밥, 보들보들계란찜",34.96091554,127.5174866
278,321,일식,4.65,0507-1459-7795,스시만월,전라남도 순천시 왕지1길 3-26,런치 오마카세,런치 오마카세;35000원.디너오마카세;70000원.,"런치 오마카세, 디너오마카세",34.97114264,127.5228731
279,322,한식,4.68,0507-1363-1340,맛있는 꼬마김밥,전라남도 순천시 이수로 281,한진김밥,한진김밥;6000원.진미채볶음;5500원.한우불고기;14000원.멸치볶음;5000원.우엉조림;5500원.아귀포볶음;6500원.,"한진김밥, 진미채볶음, 한우불고기, 멸치볶음, 우엉조림, 아귀포볶음",34.95217897,127.5151512
280,324,한식,4.72,061-724-7443,산청,전라남도 순천시 해룡면 율촌로159,오리불고기,오리불고기;38000원.생오리;38000원.오리반마리;20000원.마늘삼겹살;12000원.후식누룽지;2000원.,"오리불고기, 생오리, 오리반마리, 마늘삼겹살, 후식누룽지",34.88754036,127.5750057
281,325,한식,4.69,061-742-0303,황족,전라남도 순천시 지현길 176,족발,족발;27000원.매운족발;29000원.반반족발;45000원.보쌈;35000원.,"족발, 매운족발, 반반족발, 보쌈",34.92744796,127.491572
